Company,"Business Unit","Department Name","Department Code","Parent Department Code","Business Unit Name","Business Unit Code","Top Department","Project Allocated","Project Allocated Name","Project Allocated Code",HOD,"Performance HOD","Functional Head","Head HR","Group HR Head","Head Level Access","Level 1","Level 2","Level 3","Level 4","Level 5","Level 6","Level 7","Level 8","Level 9",Status,Capability
"PrimeSoft IP Solutions Private Limited.",,Accounts,PSI.F.ACC,PSI.F,,,,,,,"[REDACTED],[REDACTED]",,,,,,"CEO (PSI.C)","Finance (PSI.F)","Accounts (PSI.F.ACC)",,,,,,,Active,
"Tejora Private Limited",,Accounts,TPL.F.ACC,TPL.F,,,,,,,"[REDACTED]",,,,,,"CEO (TPL.C)","Finance (TPL.F)","Accounts (TPL.F.ACC)",,,,,,,Active,
"Tejora Private Limited",,Admin,TPL.AD.AD,TPL.A,,,,,,,,,,,,,"CEO (TPL.C)","Adminstration (TPL.A)","Admin (TPL.AD.AD)",,,,,,,Active,
PrimeSoft,,"Admin Executive",PSI.A.BGAD,,,,,,,,,,,,,,"Admin Executive (PSI.A.BGAD)",,,,,,,,,Archived,
"Tejora Private Limited",,Adminstration,TPL.A,TPL.C,,,,,,,,,,,,,"CEO (TPL.C)","Adminstration (TPL.A)",,,,,,,,Active,
"PrimeSoft IP Solutions Private Limited.",,Adminstration,PSI.A,PSI.C,,,,,,,,,,,,,"CEO (PSI.C)","Adminstration (PSI.A)",,,,,,,,Active,
PrimeSoft,,"Application Support",PSI.AS,,,,,,,,,,,,,,"Application Support (PSI.AS)",,,,,,,,,Archived,
"PrimeSoft IP Solutions Private Limited.",,"Application Support",PSI.QA.AS,PSI.QA,,,,,,,"[REDACTED]",,,"[REDACTED]",,,"CEO (PSI.C)","Vice President Engineering (PSI.C.VPE)","VP QA & Devops (PSI.VP.QA&DO)","Quality Assurance (PSI.QA)","Application Support (PSI.QA.AS)",,,,,Active,
"PrimeSoft IP Solutions Private Limited.",,"Application Support",PSI.C.DS.AS,PSI.C.DS,,,,,,,"[REDACTED]",,,,,,"CEO (PSI.C)","Database Support (PSI.C.DS)","Application Support (PSI.C.DS.AS)",,,,,,,Active,
"Tejora Private Limited",,"Application Support",TPL.DS.AS,TPL.DS,,,,,,,,,,,,,"CEO (TPL.C)","Database Support (TPL.DS)","Application Support (TPL.DS.AS)",,,,,,,Active,
"PrimeSoft IP Solutions Private Limited.",,"Application and Infra Support",PSI.DAS.AAIS,PSI.DAS,,,,,,,"[REDACTED]",,,"[REDACTED]",,,"CEO (PSI.C)","Vice President Engineering (PSI.C.VPE)","VP QA & Devops (PSI.VP.QA&DO)","DevOps and Support (PSI.DAS)","Application and Infra Support (PSI.DAS.AAIS)",,,,,Active,
PrimeSoft,,"Associate Engineer",PSI.QA.MOBT,,,,,,,,,,,,,,"Associate Engineer (PSI.QA.MOBT)",,,,,,,,,Archived,
PrimeSoft,,Audit,PSI.Q.A,PSI.Q,,,,,,,,,,,,,"Quality (PSI.Q)","Audit (PSI.Q.A)",,,,,,,,Archived,
"PrimeSoft IP Solutions Private Limited.",,Audit,PSI.DEV.Q.A,PSI.DEV.Q,,,,,,,"[REDACTED]",,,"[REDACTED]",,,"CEO (PSI.C)","Vice President Engineering (PSI.C.VPE)","VP Development (PSI.VP.DEV)","Development (PSI.DEV)","Quality (PSI.DEV.Q)","Audit (PSI.DEV.Q.A)",,,,Active,
"PrimeSoft IP Solutions Private Limited.",,Automation,PSI.QA.ATT,PSI.QA,,,,,,,"[REDACTED]",,,"[REDACTED]",,,"CEO (PSI.C)","Vice President Engineering (PSI.C.VPE)","VP QA & Devops (PSI.VP.QA&DO)","Quality Assurance (PSI.QA)","Automation (PSI.QA.ATT)",,,,,Active,
"PrimeSoft IP Solutions Private Limited.",,"Automation Testing",PSI.QA.AT,PSI.QA,,,,,,,"[REDACTED],[REDACTED]",,,"[REDACTED]",,,"CEO (PSI.C)","Vice President Engineering (PSI.C.VPE)","VP QA & Devops (PSI.VP.QA&DO)","Quality Assurance (PSI.QA)","Automation Testing (PSI.QA.AT)",,,,,Active,
"Tejora Private Limited",,"Automation Testing",TPL.QA.AT,TPL.QA,,,,,,,,,,,,,"CEO (TPL.C)","Quality Assurance (TPL.QA)","Automation Testing (TPL.QA.AT)",,,,,,,Active,
"PrimeSoft IP Solutions Private Limited.",,"Back End",PSI.DEV.BE,PSI.DEV,,,,,,,"[REDACTED],[REDACTED]",,,"[REDACTED]",,,"CEO (PSI.C)","Vice President Engineering (PSI.C.VPE)","VP Development (PSI.VP.DEV)","Development (PSI.DEV)","Back End (PSI.DEV.BE)",,,,,Active,
"Tejora Private Limited",,"Back End",TPL.DEV.BE,TPL.DEV,,,,,,,"[REDACTED],[REDACTED],[REDACTED]",,,,,,"CEO (TPL.C)","Development (TPL.DEV)","Back End (TPL.DEV.BE)",,,,,,,Active,
"Igenero Web Solutions Private Limited",,"Back End",IWSPL.DEV.BE,IWSPL.DEV,,,,,,,,,,,,,"Development (IWSPL.DEV)","Back End (IWSPL.DEV.BE)",,,,,,,,Active,
"PrimeSoft IP Solutions Private Limited.",,"Bengaluru Admin",PSI.A.BA,PSI.A,,,,,,,,,,,,,"CEO (PSI.C)","Adminstration (PSI.A)","Bengaluru Admin (PSI.A.BA)",,,,,,,Active,
"PrimeSoft IP Solutions Private Limited.",,"Business Analysis",PSI.PRDM.BA,PSI.PRDM,,,,,,,"[REDACTED],[REDACTED]",,,,,,"CEO (PSI.C)","Product Management (PSI.PRDM)","Business Analysis (PSI.PRDM.BA)",,,,,,,Active,
"Tejora Private Limited",,"Business Analysis",TPL.PM.BA,TPL.PM,,,,,,,"[REDACTED],[REDACTED]",,,,,,"CEO (TPL.C)","Project Management (TPL.PM)","Business Analysis (TPL.PM.BA)",,,,,,,Active,
"Tejora Private Limited",,"Business Development",TPL.BD,TPL.C,,,,,,,"[REDACTED]",,,,,,"CEO (TPL.C)","Business Development (TPL.BD)",,,,,,,,Active,
"Igenero Web Solutions Private Limited",,"Business Development",IWSPL.BD,,,,,,,,"[REDACTED]",,,,,,"Business Development (IWSPL.BD)",,,,,,,,,Active,
"PrimeSoft IP Solutions Private Limited.",,"Business Development",PSI.BD,PSI.VP.SALES,,,,,,,"[REDACTED]",,,,,,"CEO (PSI.C)","VP (PSI.VP.SALES)","Business Development (PSI.BD)",,,,,,,Active,
"PrimeSoft IP Solutions Private Limited.",,CEO,PSI.C,,,,,,,,,,,,,,"CEO (PSI.C)",,,,,,,,,Active,
"Tejora Private Limited",,CEO,TPL.C,,,,,,,,,,,,,,"CEO (TPL.C)",,,,,,,,,Active,
"PrimeSoft IP Solutions Private Limited.",,"Co Founder-EVP",PSI.BD.CFEVP,PSI.C,,,,,,,"[REDACTED]",,,,,,"CEO (PSI.C)","Co Founder-EVP (PSI.BD.CFEVP)",,,,,,,,Active,
"PrimeSoft IP Solutions Private Limited.",,"Company Director",PSI.C.CD,PSI.C,,,,,,,"[REDACTED]",,,,,,"CEO (PSI.C)","Company Director (PSI.C.CD)",,,,,,,,Active,
"PrimeSoft IP Solutions Private Limited.",,Content,PSI.D.C,PSI.D,,,,,,,"[REDACTED]",,,,,,"CEO (PSI.C)","Digital (PSI.D)","Content (PSI.D.C)",,,,,,,Active,
"Igenero Web Solutions Private Limited",,Content,IWSPL.D.C,IWSPL.D,,,,,,,,,,,,,"Digital (IWSPL.D)","Content (IWSPL.D.C)",,,,,,,,Active,
"Tejora Private Limited",,Coordinator,TPL.PC.CD,TPL.PC,,,,,,,,,,,,,"CEO (TPL.C)","Project Coordinator (TPL.PC)","Coordinator (TPL.PC.CD)",,,,,,,Active,
"PrimeSoft IP Solutions Private Limited.",,"Core DevOps",PSI.DAS.CDO,PSI.DAS,,,,,,,"[REDACTED]",,,"[REDACTED]",,,"CEO (PSI.C)","Vice President Engineering (PSI.C.VPE)","VP QA & Devops (PSI.VP.QA&DO)","DevOps and Support (PSI.DAS)","Core DevOps (PSI.DAS.CDO)",,,,,Active,
"Tejora Private Limited",,"Core DevOps",TPL.DAS.CDO,TPL.DAS,,,,,,,,,,,,,"CEO (TPL.C)","DevOps and Support (TPL.DAS)","Core DevOps (TPL.DAS.CDO)",,,,,,,Active,
"PrimeSoft IP Solutions Private Limited.",,"Core HR",PSI.HR.CHR,PSI.HR,,,,,,,"[REDACTED]",,,,,,"CEO (PSI.C)","Senior Director HR (PSI.C.SDHR)","Human Resources (PSI.HR)","Core HR (PSI.HR.CHR)",,,,,,Active,
"Tejora Private Limited",,"Core HR",TPL.HR.CHR,TPL.HR,,,,,,,"[REDACTED]",,,,,,"CEO (TPL.C)","Human Resources (TPL.HR)","Core HR (TPL.HR.CHR)",,,,,,,Active,
"Tejora Private Limited",,"Core HR and PMO",TPL.HR.CHAP,TPL.HR,,,,,,,"[REDACTED]",,,,,,"CEO (TPL.C)","Human Resources (TPL.HR)","Core HR and PMO (TPL.HR.CHAP)",,,,,,,Active,
PrimeSoft,,"Creative Designer",PSI.D.UX,,,,,,,,,,,,,,"Creative Designer (PSI.D.UX)",,,,,,,,,Archived,
"PrimeSoft IP Solutions Private Limited.",,"Creative Designer",PSI.D.UX.,PSI.VP.DEV,,,,,,,"[REDACTED]",,,"[REDACTED]",,,"CEO (PSI.C)","Vice President Engineering (PSI.C.VPE)","VP Development (PSI.VP.DEV)","Creative Designer (PSI.D.UX.)",,,,,,Active,
"PrimeSoft IP Solutions Private Limited.",,DBA,PSI.DEV.DBA,PSI.DEV,,,,,,,"[REDACTED],[REDACTED]",,,"[REDACTED]",,,"CEO (PSI.C)","Vice President Engineering (PSI.C.VPE)","VP Development (PSI.VP.DEV)","Development (PSI.DEV)","DBA (PSI.DEV.DBA)",,,,,Active,
"Tejora Private Limited",,DBA,TPL.DEV.DBA,TPL.DEV,,,,,,,,,,,,,"CEO (TPL.C)","Development (TPL.DEV)","DBA (TPL.DEV.DBA)",,,,,,,Active,
"Tejora Private Limited",,"Database Support",TPL.DS,TPL.C,,,,,,,,,,,,,"CEO (TPL.C)","Database Support (TPL.DS)",,,,,,,,Active,
"PrimeSoft IP Solutions Private Limited.",,"Database Support",PSI.C.DS,PSI.C,,,,,,,,,,,,,"CEO (PSI.C)","Database Support (PSI.C.DS)",,,,,,,,Active,
"Igenero Web Solutions Private Limited",,Design,IWSPL.DG,,,,,,,,,,,,,,"Design (IWSPL.DG)",,,,,,,,,Active,
"PrimeSoft IP Solutions Private Limited.",,Design,PSI.DG,PSI.VP.DEV,,,,,,,"[REDACTED]",,,"[REDACTED]",,,"CEO (PSI.C)","Vice President Engineering (PSI.C.VPE)","VP Development (PSI.VP.DEV)","Design (PSI.DG)",,,,,,Active,
"Tejora Private Limited",,"DevOps and Support",TPL.DAS,TPL.C,,,,,,,,,,,,,"CEO (TPL.C)","DevOps and Support (TPL.DAS)",,,,,,,,Active,
"PrimeSoft IP Solutions Private Limited.",,"DevOps and Support",PSI.DAS,PSI.VP.QA&DO,,,,,,,"[REDACTED]",,,"[REDACTED]",,,"CEO (PSI.C)","Vice President Engineering (PSI.C.VPE)","VP QA & Devops (PSI.VP.QA&DO)","DevOps and Support (PSI.DAS)",,,,,,Active,
"Tejora Private Limited",,Development,TPL.DEV,TPL.C,,,,,,,,,,,,,"CEO (TPL.C)","Development (TPL.DEV)",,,,,,,,Active,
"Igenero Web Solutions Private Limited",,Development,IWSPL.DEV,,,,,,,,,,,,,,"Development (IWSPL.DEV)",,,,,,,,,Active,
"PrimeSoft IP Solutions Private Limited.",,Development,PSI.DEV,PSI.VP.DEV,,,,,,,"[REDACTED],[REDACTED]",,,"[REDACTED]",,,"CEO (PSI.C)","Vice President Engineering (PSI.C.VPE)","VP Development (PSI.VP.DEV)","Development (PSI.DEV)",,,,,,Active,
"Igenero Web Solutions Private Limited",,Digital,IWSPL.D,,,,,,,,,,,,,,"Digital (IWSPL.D)",,,,,,,,,Active,
"Tejora Private Limited",,Digital,TPL.D,TPL.C,,,,,,,,,,,,,"CEO (TPL.C)","Digital (TPL.D)",,,,,,,,Active,
"PrimeSoft IP Solutions Private Limited.",,Digital,PSI.D,PSI.C,,,,,,,"[REDACTED]",,,,,,"CEO (PSI.C)","Digital (PSI.D)",,,,,,,,Active,
"PrimeSoft IP Solutions Private Limited.",,"Director Technology and Services",PSI.C.PJM.DTS,PSI.C.PJM,,,,,,,"[REDACTED]",,,,,,"CEO (PSI.C)","Project Management (PSI.C.PJM)","Director Technology and Services (PSI.C.PJM.DTS)",,,,,,,Active,
"PrimeSoft IP Solutions Private Limited.",,Documentation,PSI.PRDM.D,PSI.PRDM,,,"Product Management",,,,"[REDACTED]",,,,,,"CEO (PSI.C)","Product Management (PSI.PRDM)","Documentation (PSI.PRDM.D)",,,,,,,Active,
"PrimeSoft IP Solutions Private Limited.",,ERP,IWSPL.DEV.ERP,PSI.DEV,,,,,,,"[REDACTED],[REDACTED]",,,"[REDACTED]",,,"CEO (PSI.C)","Vice President Engineering (PSI.C.VPE)","VP Development (PSI.VP.DEV)","Development (PSI.DEV)","ERP (IWSPL.DEV.ERP)",,,,,Active,
"Tejora Private Limited",,"Executive Lead Generation",TPL.BD.IS,TPL.C,,,,,,,"[REDACTED]",,,,,,"CEO (TPL.C)","Executive Lead Generation (TPL.BD.IS)",,,,,,,,Active,
"PrimeSoft IP Solutions Private Limited.",,FinOps,PSI.DAS.FO,PSI.DAS,,,,,,,"[REDACTED]",,,"[REDACTED]",,,"CEO (PSI.C)","Vice President Engineering (PSI.C.VPE)","VP QA & Devops (PSI.VP.QA&DO)","DevOps and Support (PSI.DAS)","FinOps (PSI.DAS.FO)",,,,,Active,
"Tejora Private Limited",,Finance,TPL.F,TPL.C,,,,,,,,,,,,,"CEO (TPL.C)","Finance (TPL.F)",,,,,,,,Active,
"PrimeSoft IP Solutions Private Limited.",,Finance,PSI.F,PSI.C,,,,,,,"[REDACTED],[REDACTED]",,,,,,"CEO (PSI.C)","Finance (PSI.F)",,,,,,,,Active,
PrimeSoft,,Finance/Accounts,DEP_1,,,,,,,,,,,,,,"Finance/Accounts (DEP_1)",,,,,,,,,Archived,
"PrimeSoft IP Solutions Private Limited.",,"Front End",PSI.DEV.FE,PSI.DEV,,,,,,,"[REDACTED],[REDACTED]",,,"[REDACTED]",,,"CEO (PSI.C)","Vice President Engineering (PSI.C.VPE)","VP Development (PSI.VP.DEV)","Development (PSI.DEV)","Front End (PSI.DEV.FE)",,,,,Active,
"Igenero Web Solutions Private Limited",,"Front End",IWSPL.DEV.FE,IWSPL.DEV,,,,,,,,,,,,,"Development (IWSPL.DEV)","Front End (IWSPL.DEV.FE)",,,,,,,,Active,
"Tejora Private Limited",,"Front end",TPL.DEV.FE,TPL.DEV,,,,,,,"[REDACTED],[REDACTED]",,,,,,"CEO (TPL.C)","Development (TPL.DEV)","Front end (TPL.DEV.FE)",,,,,,,Active,
"PrimeSoft IP Solutions Private Limited.",,"Full Stack",PSI.PM.FS,PSI.PM,,,,,,,,,,,,,"Product Management (PSI.PM)","Full Stack (PSI.PM.FS)",,,,,,,,Archived,
"PrimeSoft IP Solutions Private Limited.",,"Full Stack",PSI.DEV.FS,PSI.DEV,,,,,,,"[REDACTED],[REDACTED]",,,"[REDACTED]",,,"CEO (PSI.C)","Vice President Engineering (PSI.C.VPE)","VP Development (PSI.VP.DEV)","Development (PSI.DEV)","Full Stack (PSI.DEV.FS)",,,,,Active,
"Tejora Private Limited",,"Full Stack",TPL.DEV.FS,TPL.DEV,,,,,,,"[REDACTED]",,,,,,"CEO (TPL.C)","Development (TPL.DEV)","Full Stack (TPL.DEV.FS)",,,,,,,Active,
"PrimeSoft IP Solutions Private Limited.",,HR,PSI.HR.HR,PSI.HR,,,,,,,"[REDACTED]",,,,,,"CEO (PSI.C)","Senior Director HR (PSI.C.SDHR)","Human Resources (PSI.HR)","HR (PSI.HR.HR)",,,,,,Active,
PrimeSoft,,HR/Admin,DEP_2,,,,,,,,,,,,,,"HR/Admin (DEP_2)",,,,,,,,,Archived,
"Tejora Private Limited",,"Human Resources",TPL.HR,TPL.C,,,,,,,,,,,,,"CEO (TPL.C)","Human Resources (TPL.HR)",,,,,,,,Active,
"PrimeSoft IP Solutions Private Limited.",,"Human Resources",PSI.HR,PSI.C.SDHR,,,,,,,"[REDACTED],[REDACTED]",,,,,,"CEO (PSI.C)","Senior Director HR (PSI.C.SDHR)","Human Resources (PSI.HR)",,,,,,,Active,
"PrimeSoft IP Solutions Private Limited.",,"Hyderabad Admin",PSI.A.HA,PSI.A,,,,,,,"[REDACTED]",,,,,,"CEO (PSI.C)","Adminstration (PSI.A)","Hyderabad Admin (PSI.A.HA)",,,,,,,Active,
"Tejora Private Limited",,IT,TPL.IT,TPL.C,,,,,,,"[REDACTED]",,,,,,"CEO (TPL.C)","IT (TPL.IT)",,,,,,,,Active,
"PrimeSoft IP Solutions Private Limited.",,IT,PSI.IT,PSI.C,,,,,,,"[REDACTED]",,,,,,"CEO (PSI.C)","IT (PSI.IT)",,,,,,,,Active,
PrimeSoft,,IT/Engineering,DEP_3,,,,,,,,,,,,,,"IT/Engineering (DEP_3)",,,,,,,,,Archived,
"PrimeSoft IP Solutions Private Limited.",,"Inside Sales",PSI.BD.IS,PSI.BD,,,,,,,"[REDACTED]",,,,,,"CEO (PSI.C)","VP (PSI.VP.SALES)","Business Development (PSI.BD)","Inside Sales (PSI.BD.IS)",,,,,,Active,
"Igenero Web Solutions Private Limited",,"Inside Sales",IWSPL.BD.IS,IWSPL.BD,,,,,,,"[REDACTED]",,,,,,"Business Development (IWSPL.BD)","Inside Sales (IWSPL.BD.IS)",,,,,,,,Active,
"Tejora Private Limited",,"Lead Mobility",TPL.DEV.MOB,TPL.C,,,,,,,,,,,,,"CEO (TPL.C)","Lead Mobility (TPL.DEV.MOB)",,,,,,,,Active,
"PrimeSoft IP Solutions Private Limited.",,Legal,PSI.C.L,PSI.C,,,,,,,"[REDACTED]",,,,,,"CEO (PSI.C)","Legal (PSI.C.L)",,,,,,,,Active,
"Tejora Private Limited",,"Manager Business Development",TPL.BD.SS,TPL.C,,,,,,,"[REDACTED]",,,,,,"CEO (TPL.C)","Manager Business Development (TPL.BD.SS)",,,,,,,,Active,
"PrimeSoft IP Solutions Private Limited.",,"Manual Testing",PSI.QA.MT,PSI.QA,,,,,,,"[REDACTED]",,,"[REDACTED]",,,"CEO (PSI.C)","Vice President Engineering (PSI.C.VPE)","VP QA & Devops (PSI.VP.QA&DO)","Quality Assurance (PSI.QA)","Manual Testing (PSI.QA.MT)",,,,,Active,
"Tejora Private Limited",,"Manual Testing",TPL.QA.MT,TPL.QA,,,,,,,"[REDACTED]",,,,,,"CEO (TPL.C)","Quality Assurance (TPL.QA)","Manual Testing (TPL.QA.MT)",,,,,,,Active,
"PrimeSoft IP Solutions Private Limited.",,Marketing,PSI.BD.MKT,PSI.BD,,,,,,,"[REDACTED]",,,,,,"CEO (PSI.C)","VP (PSI.VP.SALES)","Business Development (PSI.BD)","Marketing (PSI.BD.MKT)",,,,,,Active,
"PrimeSoft IP Solutions Private Limited.",,Marketing,PSI.D.MKT,PSI.D,,,,,,,"[REDACTED]",,,,,,"CEO (PSI.C)","Digital (PSI.D)","Marketing (PSI.D.MKT)",,,,,,,Active,
"Igenero Web Solutions Private Limited",,Marketing,IWSPL.D.MKT,IWSPL.D,,,,,,,,,,,,,"Digital (IWSPL.D)","Marketing (IWSPL.D.MKT)",,,,,,,,Active,
"Tejora Private Limited",,Marketing,TPL.D.MKT,TPL.D,,,,,,,,,,,,,"CEO (TPL.C)","Digital (TPL.D)","Marketing (TPL.D.MKT)",,,,,,,Active,
"PrimeSoft IP Solutions Private Limited.",,Mobile,PSI.DEV.MOB,PSI.DEV,,,,,,,"[REDACTED],[REDACTED]",,,"[REDACTED]",,,"CEO (PSI.C)","Vice President Engineering (PSI.C.VPE)","VP Development (PSI.VP.DEV)","Development (PSI.DEV)","Mobile (PSI.DEV.MOB)",,,,,Active,
"PrimeSoft IP Solutions Private Limited.",,"Mobile Android",PSI.DEV.MA,PSI.DEV,,,,,,,"[REDACTED]",,,"[REDACTED]",,,"CEO (PSI.C)","Vice President Engineering (PSI.C.VPE)","VP Development (PSI.VP.DEV)","Development (PSI.DEV)","Mobile Android (PSI.DEV.MA)",,,,,Active,
"PrimeSoft IP Solutions Private Limited.",,"Mobile IOS",PSI.DEV.MIOS,PSI.DEV,,,,,,,"[REDACTED]",,,"[REDACTED]",,,"CEO (PSI.C)","Vice President Engineering (PSI.C.VPE)","VP Development (PSI.VP.DEV)","Development (PSI.DEV)","Mobile IOS (PSI.DEV.MIOS)",,,,,Active,
"PrimeSoft IP Solutions Private Limited.",,"Mobile Testing",PSI.QA.MOBT,PSI.QA,,,,,,,"[REDACTED]",,,"[REDACTED]",,,"CEO (PSI.C)","Vice President Engineering (PSI.C.VPE)","VP QA & Devops (PSI.VP.QA&DO)","Quality Assurance (PSI.QA)","Mobile Testing (PSI.QA.MOBT)",,,,,Active,
"Tejora Private Limited",,"Mumbai Admin",TPL.A.MAD,TPL.A,,,,,,,"[REDACTED]",,,,,,"CEO (TPL.C)","Adminstration (TPL.A)","Mumbai Admin (TPL.A.MAD)",,,,,,,Active,
"PrimeSoft IP Solutions Private Limited.",,"Networking and Hardware Support",PSI.IT.NAHS,PSI.IT,,,,,,,"[REDACTED]",,,,,,"CEO (PSI.C)","IT (PSI.IT)","Networking and Hardware Support (PSI.IT.NAHS)",,,,,,,Active,
"Tejora Private Limited",,"Networking and Hardware Support",TPL.IT.NAHS,TPL.IT,,,,,,,"[REDACTED]",,,,,,"CEO (TPL.C)","IT (TPL.IT)","Networking and Hardware Support (TPL.IT.NAHS)",,,,,,,Active,
"PrimeSoft IP Solutions Private Limited.",,"Networking and Support",PSI.IT.NAS,PSI.IT,,,,,,,"[REDACTED]",,,,,,"CEO (PSI.C)","IT (PSI.IT)","Networking and Support (PSI.IT.NAS)",,,,,,,Active,
"PrimeSoft IP Solutions Private Limited.",,"Networking and Telecom",PSI.QA.NAT,PSI.QA,,,,,,,"[REDACTED]",,,"[REDACTED]",,,"CEO (PSI.C)","Vice President Engineering (PSI.C.VPE)","VP QA & Devops (PSI.VP.QA&DO)","Quality Assurance (PSI.QA)","Networking and Telecom (PSI.QA.NAT)",,,,,Active,
"PrimeSoft IP Solutions Private Limited.",,"Networking and Telecom",PSI.DEV.NAT,PSI.DEV,,,,,,,"[REDACTED],[REDACTED]",,,"[REDACTED]",,,"CEO (PSI.C)","Vice President Engineering (PSI.C.VPE)","VP Development (PSI.VP.DEV)","Development (PSI.DEV)","Networking and Telecom (PSI.DEV.NAT)",,,,,Active,
"Tejora Private Limited",,Operations,TPL.O,TPL.C,,,,,,,,,,,,,"CEO (TPL.C)","Operations (TPL.O)",,,,,,,,Active,
"PrimeSoft IP Solutions Private Limited.",,Operations,PSI.O,PSI.C,,,,,,,,,,,,,"CEO (PSI.C)","Operations (PSI.O)",,,,,,,,Active,
"Igenero Web Solutions Private Limited",,Operations,IWSPL.D.O,IWSPL.D,,,,,,,,,,,,,"Digital (IWSPL.D)","Operations (IWSPL.D.O)",,,,,,,,Active,
"PrimeSoft IP Solutions Private Limited.",,"Operations Center Head- Mumbai",PSI.O.OCHM,PSI.O,,,,,,,,,,,,,"CEO (PSI.C)","Operations (PSI.O)","Operations Center Head- Mumbai  (PSI.O.OCHM)",,,,,,,Active,
"Tejora Private Limited",,"Operations Head",TPL.OH,TPL.C,,,,,,,,,,,,,"CEO (TPL.C)","Operations Head (TPL.OH)",,,,,,,,Active,
"PrimeSoft IP Solutions Private Limited.",,"Product Management",PSI.PM,,,,,,,,,,,,,,"Product Management (PSI.PM)",,,,,,,,,Archived,
"PrimeSoft IP Solutions Private Limited.",,"Product Management",PSI.PRDM,PSI.C,,,,,,,"[REDACTED],[REDACTED]",,,,,,"CEO (PSI.C)","Product Management (PSI.PRDM)",,,,,,,,Active,
"PrimeSoft IP Solutions Private Limited.",,"Program Manager",PSI.C.PM,PSI.C,,,,,,,,,,,,,"CEO (PSI.C)","Program Manager (PSI.C.PM)",,,,,,,,Active,
"Tejora Private Limited",,"Project Coordinator",TPL.PC,TPL.C,,,,,,,,,,,,,"CEO (TPL.C)","Project Coordinator (TPL.PC)",,,,,,,,Active,
PrimeSoft,,"Project Lead",PSI.DEV.Q,,,,,,,,,,,,,,"Project Lead (PSI.DEV.Q)",,,,,,,,,Archived,
"Tejora Private Limited",,"Project Management",TPL.PM,TPL.C,,,,,,,"[REDACTED],[REDACTED]",,,,,,"CEO (TPL.C)","Project Management (TPL.PM)",,,,,,,,Active,
"PrimeSoft IP Solutions Private Limited.",,"Project Management",PSI.C.PJM,PSI.C,,,,,,,"[REDACTED],[REDACTED]",,,,,,"CEO (PSI.C)","Project Management (PSI.C.PJM)",,,,,,,,Active,
"Tejora Private Limited",,"Project Manager",TPL.PM.PMO,TPL.PM,,,,,,,"[REDACTED],[REDACTED]",,,,,,"CEO (TPL.C)","Project Management (TPL.PM)","Project Manager (TPL.PM.PMO)",,,,,,,Active,
"PrimeSoft IP Solutions Private Limited.",,"Project Manager",PSI.C.PJM.PM,PSI.C.PJM,,,,,,,"[REDACTED],[REDACTED]",,,,,,"CEO (PSI.C)","Project Management (PSI.C.PJM)","Project Manager (PSI.C.PJM.PM)",,,,,,,Active,
"PrimeSoft IP Solutions Private Limited.",,"QA and DevOps",PSI.PM.QADO,PSI.PM,,,,,,,,,,,,,"Product Management (PSI.PM)","QA and DevOps (PSI.PM.QADO)",,,,,,,,Archived,
PrimeSoft,,Quality,PSI.Q,,,,,,,,,,,,,,"Quality (PSI.Q)",,,,,,,,,Archived,
"PrimeSoft IP Solutions Private Limited.",,Quality,PSI.DEV.Q,PSI.DEV,,,,,,,"[REDACTED]",,,"[REDACTED]",,,"CEO (PSI.C)","Vice President Engineering (PSI.C.VPE)","VP Development (PSI.VP.DEV)","Development (PSI.DEV)","Quality (PSI.DEV.Q)",,,,,Active,
"Tejora Private Limited",,"Quality Assurance",TPL.QA,TPL.C,,,,,,,,,,,,,"CEO (TPL.C)","Quality Assurance (TPL.QA)",,,,,,,,Active,
"PrimeSoft IP Solutions Private Limited.",,"Quality Assurance",PSI.QA,PSI.VP.QA&DO,,,,,,,"[REDACTED]",,,"[REDACTED]",,,"CEO (PSI.C)","Vice President Engineering (PSI.C.VPE)","VP QA & Devops (PSI.VP.QA&DO)","Quality Assurance (PSI.QA)",,,,,,Active,
"PrimeSoft IP Solutions Private Limited.",,SEO,PSI.D.SEO,PSI.D,,,,,,,"[REDACTED]",,,,,,"CEO (PSI.C)","Digital (PSI.D)","SEO (PSI.D.SEO)",,,,,,,Active,
"Igenero Web Solutions Private Limited",,SEO,IWSPL.D.SEO,IWSPL.D,,,,,,,,,,,,,"Digital (IWSPL.D)","SEO (IWSPL.D.SEO)",,,,,,,,Active,
"PrimeSoft IP Solutions Private Limited.",,Sales,PSI.BD.S,PSI.BD,,,,,,,"[REDACTED]",,,,,,"CEO (PSI.C)","VP (PSI.VP.SALES)","Business Development (PSI.BD)","Sales (PSI.BD.S)",,,,,,Active,
"PrimeSoft IP Solutions Private Limited.",,Sales,PSI.O.S,PSI.O,,,,,,,"[REDACTED]",,,,,,"CEO (PSI.C)","Operations (PSI.O)","Sales (PSI.O.S)",,,,,,,Active,
"Tejora Private Limited",,Sales,TPL.BD.S,TPL.O,,,,,,,"[REDACTED]",,,,,,"CEO (TPL.C)","Operations (TPL.O)","Sales (TPL.BD.S)",,,,,,,Active,
PrimeSoft,,Sales/Marketing,DEP_4,,,,,,,,,,,,,,"Sales/Marketing (DEP_4)",,,,,,,,,Archived,
PrimeSoft,,"Senior Consultant Quality Assurance",PSI.DAS.Q,,,,,,,,,,,,,,"Senior Consultant Quality Assurance (PSI.DAS.Q)",,,,,,,,,Archived,
"PrimeSoft IP Solutions Private Limited.",,"Senior Consultant Quality Assurance",PSI.DAS.QA,,,,,,,,,,,,,,"Senior Consultant Quality Assurance (PSI.DAS.QA)",,,,,,,,,Archived,
"PrimeSoft IP Solutions Private Limited.",,"Senior Director Engineering",PSI.C.SDE,PSI.C,,,,,,,"[REDACTED]",,,"[REDACTED]",,,"CEO (PSI.C)","Senior Director Engineering (PSI.C.SDE)",,,,,,,,Active,
"PrimeSoft IP Solutions Private Limited.",,"Senior Director HR",PSI.C.SDHR,PSI.C,,,,,,,"[REDACTED],[REDACTED]",,,,,,"CEO (PSI.C)","Senior Director HR (PSI.C.SDHR)",,,,,,,,Active,
PrimeSoft,,"Senior Game Engineer",PSI.DEV.MOB,,,,,,,,,,,,,,"Senior Game Engineer (PSI.DEV.MOB)",,,,,,,,,Archived,
PrimeSoft,,"Software Engineer",PSI.DEV.MIOS,,,,,,,,,,,,,,"Software Engineer (PSI.DEV.MIOS)",,,,,,,,,Archived,
"Tejora Private Limited",,Support,TPL.DS.SUPP,TPL.DS,,,,,,,"[REDACTED]",,,,,,"CEO (TPL.C)","Database Support (TPL.DS)","Support (TPL.DS.SUPP)",,,,,,,Active,
"Tejora Private Limited",,"Support Office",TPL.A.OB,TPL.C,,,,,,,"[REDACTED]",,,,,,"CEO (TPL.C)","Support Office (TPL.A.OB)",,,,,,,,Active,
"PrimeSoft IP Solutions Private Limited.",,TPL,DEP_5,,,,,,,,,,,,,,"TPL (DEP_5)",,,,,,,,,Archived,
"PrimeSoft IP Solutions Private Limited.",,"Talent Acquisition",PSI.HR.TA,PSI.HR,,,,,,,"[REDACTED],[REDACTED]",,,,,,"CEO (PSI.C)","Senior Director HR (PSI.C.SDHR)","Human Resources (PSI.HR)","Talent Acquisition (PSI.HR.TA)",,,,,,Active,
"Tejora Private Limited",,"Talent Acquisition",TPL.HR.TA,TPL.HR,,,,,,,"[REDACTED]",,,,,,"CEO (TPL.C)","Human Resources (TPL.HR)","Talent Acquisition (TPL.HR.TA)",,,,,,,Active,
"Tejora Private Limited",,"Talent Acquisition and PMO",TPL.HR.TAAP,TPL.HR,,,,,,,"[REDACTED]",,,,,,"CEO (TPL.C)","Human Resources (TPL.HR)","Talent Acquisition and PMO (TPL.HR.TAAP)",,,,,,,Active,
PrimeSoft,,"Team Lead",PSI.DEV.MA,,,,,,,,,,,,,,"Team Lead (PSI.DEV.MA)",,,,,,,,,Archived,
"PrimeSoft IP Solutions Private Limited.",,"Training and Development",PSI.TAD,PSI.HR,,,,,,,"[REDACTED]",,,,,,"CEO (PSI.C)","Senior Director HR (PSI.C.SDHR)","Human Resources (PSI.HR)","Training and Development (PSI.TAD)",,,,,,Active,
"PrimeSoft IP Solutions Private Limited.",,UI/UX,PSI.DG.UI/UX,PSI.DG,,,,,,,"[REDACTED]",,,"[REDACTED]",,,"CEO (PSI.C)","Vice President Engineering (PSI.C.VPE)","VP Development (PSI.VP.DEV)","Design (PSI.DG)","UI/UX (PSI.DG.UI/UX)",,,,,Active,
"Igenero Web Solutions Private Limited",,UI/UX,IWSPL.DG.UI/UX,IWSPL.DG,,,,,,,,,,,,,"Design (IWSPL.DG)","UI/UX (IWSPL.DG.UI/UX)",,,,,,,,Active,
"PrimeSoft IP Solutions Private Limited.",,UX,PSI.DG.UX,PSI.DG,,,,,,,"[REDACTED]",,,"[REDACTED]",,,"CEO (PSI.C)","Vice President Engineering (PSI.C.VPE)","VP Development (PSI.VP.DEV)","Design (PSI.DG)","UX (PSI.DG.UX)",,,,,Active,
"Igenero Web Solutions Private Limited",,UX,IWSPL.DG.UX,IWSPL.DG,,,,,,,,,,,,,"Design (IWSPL.DG)","UX (IWSPL.DG.UX)",,,,,,,,Active,
"PrimeSoft IP Solutions Private Limited.",,UX,PSI.D.UX,PSI.D,,,,,,,"[REDACTED]",,,,,,"CEO (PSI.C)","Digital (PSI.D)","UX (PSI.D.UX)",,,,,,,Active,
PrimeSoft,,"VOIP Support",PSI.AS.VOIPS,PSI.AS,,,,,,,,,,,,,"Application Support (PSI.AS)","VOIP Support (PSI.AS.VOIPS)",,,,,,,,Archived,
"PrimeSoft IP Solutions Private Limited.",,"VOIP Support",PSI.DAS.AAIS.VOIPS,PSI.DAS.AAIS,,,,,,,,,,,,,"CEO (PSI.C)","Vice President Engineering (PSI.C.VPE)","VP QA & Devops (PSI.VP.QA&DO)","DevOps and Support (PSI.DAS)","Application and Infra Support (PSI.DAS.AAIS)","VOIP Support (PSI.DAS.AAIS.VOIPS)",,,,Archived,
"PrimeSoft IP Solutions Private Limited.",,"VOIP Support",PSI.QA.AS.VOIPS,PSI.QA.AS,,,,,,,"[REDACTED]",,,"[REDACTED]",,,"CEO (PSI.C)","Vice President Engineering (PSI.C.VPE)","VP QA & Devops (PSI.VP.QA&DO)","Quality Assurance (PSI.QA)","Application Support (PSI.QA.AS)","VOIP Support (PSI.QA.AS.VOIPS)",,,,Active,
"PrimeSoft IP Solutions Private Limited.",,VP,PSI.VP.SALES,PSI.C,,,,,,,,,,,,,"CEO (PSI.C)","VP (PSI.VP.SALES)",,,,,,,,Active,
"PrimeSoft IP Solutions Private Limited.",,"VP Development",PSI.VP.DEV,PSI.C.VPE,,,,,,,"[REDACTED]",,,"[REDACTED]",,,"CEO (PSI.C)","Vice President Engineering (PSI.C.VPE)","VP Development (PSI.VP.DEV)",,,,,,,Active,
"PrimeSoft IP Solutions Private Limited.",,"VP QA & Devops",PSI.VP.QA&DO,PSI.C.VPE,,,,,,,"[REDACTED]",,,"[REDACTED]",,,"CEO (PSI.C)","Vice President Engineering (PSI.C.VPE)","VP QA & Devops (PSI.VP.QA&DO)",,,,,,,Active,
"PrimeSoft IP Solutions Private Limited.",,"Vice President Engineering",PSI.C.VPE,PSI.C,,,,,,,"[REDACTED]",,,"[REDACTED]",,,"CEO (PSI.C)","Vice President Engineering (PSI.C.VPE)",,,,,,,,Active,
