"Holiday Name","Holiday Code","Holiday Date","Day Name","Repeat Next Year (yes/no)","Holiday Type (Mandatory(0)/Optional(1)/National(2))","Assigned location","Location (Work Area Code)",Assignments,"Additional Configurations","Recurring Holiday Type(Recurring Static date(0)/Recurring Day of Month(1))","Static Month","Static Date",Occurrence,Month,Day,"Holiday Starts From"
"New Year",HDAY_1,2023-01-01,Sunday,NO,0,,,"Iksula,Mumbai Holiday",No,,,,,,,
"New Year",HDAY_2,2023-01-02,Monday,NO,0,,,"Airtel Payment Bank",No,,,,,,,
Sankranthi,HDAY_3,2023-01-13,Friday,NO,0,,,"Hyderabad- Holiday",No,,,,,,,
"Republic Day",HDAY_4,2023-01-26,Thursday,NO,0,,,"Airtel Payment Bank,Axis Securities,Freecharge,ICICI Lombard,Iksula,Kotak Securities,NSDL,Scitara,Yes Bank,Labcorp,Mumbai Holiday,Bengaluru Holiday,Hyderabad- Holiday,IndusInd,Aditya Birla",No,,,,,,,
Mahashivratri,HDAY_5,2023-02-18,Saturday,NO,0,,,"Axis Securities,Kotak Securities,NSDL,Aditya Birla",No,,,,,,,
Holi,HDAY_6,2023-03-07,Tuesday,NO,0,,,"Axis Securities,ICICI Lombard,Iksula,Kotak Securities,NSDL,Scitara,Yes Bank,Mumbai Holiday,IndusInd",No,,,,,,,
Holi,HDAY_7,2023-03-08,Wednesday,NO,0,,,"Airtel Payment Bank,Freecharge,Iksula",No,,,,,,,
"Gudi Padwa",HDAY_8,2023-03-22,Wednesday,NO,0,,,"ICICI Lombard,Yes Bank,IndusInd",No,,,,,,,
Ugadi,HDAY_9,2023-03-22,Wednesday,NO,0,,,"Bengaluru Holiday,Hyderabad- Holiday",No,,,,,,,
"Ram Navami",HDAY_10,2023-03-30,Thursday,NO,0,,,"Axis Securities,Kotak Securities,NSDL,IndusInd",No,,,,,,,
"Mahavir Jayanti",HDAY_11,2023-04-04,Tuesday,NO,0,,,"Axis Securities,Kotak Securities,NSDL,IndusInd",No,,,,,,,
"Good Friday",HDAY_12,2023-04-07,Friday,NO,0,,,"Axis Securities,Freecharge,Iksula,Kotak Securities,NSDL,Yes Bank,IndusInd",No,,,,,,,
"Ambedkar Jayanti",HDAY_13,2023-04-14,Friday,NO,0,,,"Airtel Payment Bank,Axis Securities,Kotak Securities,NSDL,Yes Bank,IndusInd",No,,,,,,,
"Ramzan Eid",HDAY_14,2023-04-21,Friday,NO,0,,,"Freecharge,ICICI Lombard",No,,,,,,,
"Id-Ul-Fitr (Ramzan Id)",HDAY_15,2023-04-22,Saturday,NO,0,,,"Axis Securities,Kotak Securities,NSDL",No,,,,,,,
"Maharashtra Day",HDAY_16,2023-05-01,Monday,NO,0,,,"Axis Securities,Freecharge,Kotak Securities,NSDL,Yes Bank,Mumbai Holiday,IndusInd",No,,,,,,,
"Labour Day",HDAY_17,2023-05-01,Monday,NO,0,,,"ICICI Lombard,Welldoc,Labcorp",No,,,,,,,
"Buddha Pournima",HDAY_18,2023-05-05,Friday,NO,0,,,IndusInd,No,,,,,,,
"Bakri Eid",HDAY_19,2023-06-28,Wednesday,NO,0,,,"Axis Securities,Kotak Securities,NSDL",No,,,,,,,
"Bakri Eid",HDAY_20,2023-06-29,Thursday,NO,0,,,"Welldoc,Mumbai Holiday,Bengaluru Holiday,Hyderabad- Holiday",No,,,,,,,
"Eid Ul Fitr",HDAY_21,2023-06-29,Thursday,NO,0,,,Iksula,No,,,,,,,
"Bakri Eid",HDAY_22,2023-06-29,Thursday,NO,0,,,IndusInd,No,,,,,,,
Moharrum,HDAY_23,2023-07-22,Saturday,NO,0,,,"Kotak Securities",No,,,,,,,
Muharram,HDAY_24,2023-07-29,Saturday,NO,0,,,"Axis Securities,NSDL",No,,,,,,,
"Independence Day",HDAY_25,2023-08-15,Tuesday,NO,0,,,"Airtel Payment Bank,Axis Securities,Freecharge,ICICI Lombard,Iksula,Kotak Securities,NSDL,Scitara,Welldoc,Yes Bank,Labcorp,Mumbai Holiday,Bengaluru Holiday,Hyderabad- Holiday,IndusInd",No,,,,,,,
"Parsi New Year",HDAY_26,2023-08-16,Wednesday,NO,0,,,IndusInd,No,,,,,,,
"Raksha Bandhan",HDAY_27,2023-08-30,Wednesday,NO,0,,,Freecharge,No,,,,,,,
"Ganesh Chaturthi",HDAY_28,2023-09-19,Tuesday,NO,0,,,"Axis Securities,ICICI Lombard,Kotak Securities,NSDL,Scitara,Yes Bank,Mumbai Holiday,Bengaluru Holiday,Hyderabad- Holiday,IndusInd",No,,,,,,,
"Varasiddhi Vinayak Vrata",HDAY_29,2023-09-19,Tuesday,NO,0,,,,No,,,,,,,
"Gandhi Jayanti",HDAY_30,2023-10-02,Monday,NO,0,,,"Airtel Payment Bank,Axis Securities,Freecharge,ICICI Lombard,Iksula,Kotak Securities,NSDL,Scitara,Welldoc,Yes Bank,Labcorp,Mumbai Holiday,Bengaluru Holiday,Hyderabad- Holiday,IndusInd",No,,,,,,,
Dussehra,HDAY_31,2023-10-24,Tuesday,NO,0,,,"Airtel Payment Bank,Axis Securities,Freecharge,ICICI Lombard,Iksula,Kotak Securities,NSDL,Scitara,Yes Bank,Mumbai Holiday,Bengaluru Holiday,Hyderabad- Holiday,IndusInd",No,,,,,,,
Vijayadashmi,HDAY_32,2023-10-24,Tuesday,NO,0,,,Welldoc,No,,,,,,,
"Kannada Rajyotsava",HDAY_33,2023-11-01,Wednesday,NO,0,,,"Welldoc,Bengaluru Holiday",No,,,,,,,
"Haryana Day / Karnataka Rajyotsava",HDAY_34,2023-11-01,Wednesday,NO,0,,,Freecharge,No,,,,,,,
"Diwali-Laxmi Pujan",HDAY_35,2023-11-12,Sunday,NO,0,,,"Axis Securities,Kotak Securities,NSDL",No,,,,,,,
Deepavali,HDAY_36,2023-11-13,Monday,NO,0,,,"Airtel Payment Bank",No,,,,,,,
"Govardhan Puja",HDAY_37,2023-11-13,Monday,NO,0,,,Freecharge,No,,,,,,,
Diwali,HDAY_38,2023-11-13,Monday,NO,0,,,Iksula,No,,,,,,,
Diwali-Balipratipada,HDAY_39,2023-11-14,Tuesday,NO,0,,,"Axis Securities,Kotak Securities,NSDL",No,,,,,,,
"Bhai Dooj",HDAY_40,2023-11-14,Tuesday,NO,0,,,Freecharge,No,,,,,,,
Diwali,HDAY_41,2023-11-14,Tuesday,NO,0,,,"Iksula,Scitara,Welldoc,Yes Bank,IndusInd",No,,,,,,,
"Gurunanak Jayanti",HDAY_42,2023-11-27,Monday,NO,0,,,"Axis Securities,Freecharge,Kotak Securities,NSDL,IndusInd",No,,,,,,,
Christmas,HDAY_43,2023-12-25,Monday,NO,0,,,"Airtel Payment Bank,Axis Securities,Freecharge,ICICI Lombard,Iksula,Kotak Securities,NSDL,Welldoc,Yes Bank,Mumbai Holiday,Bengaluru Holiday,Hyderabad- Holiday,IndusInd",No,,,,,,,
"New Years Day",HDAY_44,2024-01-01,Monday,NO,0,,,"Airtel Payment Bank,Freecharge,ICICI Lombard,Iksula,Mumbai Holiday,Bengaluru Holiday,Hyderabad- Holiday",No,,,,,,,
Sankranthi,HDAY_45,2024-01-15,Monday,NO,0,,,"Hyderabad- Holiday",No,,,,,,,
"Ayodhya Ram Mandir",HDAY_46,2024-01-22,Monday,NO,0,,,"Kotak Securities,NSDL,Yes Bank,Invoicemart",No,,,,,,,
"Republic Day",HDAY_47,2024-01-26,Friday,NO,2,,,"Airtel Payment Bank,Axis Securities,Freecharge,ICICI Lombard,Iksula,Kotak Securities,NSDL,Yes Bank,Labcorp,Mumbai Holiday,Bengaluru Holiday,Hyderabad- Holiday,IndusInd,Aditya Birla,Invoicemart",No,,,,,,,
"Chhatrapati Shivaji Maharaj Jayanti",HDAY_48,2024-02-19,Monday,NO,0,,,"IndusInd,Invoicemart",No,,,,,,,
Mahashivratri,HDAY_49,2024-03-08,Friday,NO,0,,,"Axis Securities,Kotak Securities,NSDL,Yes Bank,IndusInd,Aditya Birla",No,,,,,,,
Holi,HDAY_50,2024-03-25,Monday,NO,0,,,"Airtel Payment Bank,Axis Securities,Freecharge,ICICI Lombard,Iksula,Kotak Securities,NSDL,Yes Bank,Mumbai Holiday,IndusInd,Aditya Birla,Invoicemart",No,,,,,,,
"Good Friday",HDAY_51,2024-03-29,Friday,NO,0,,,"Axis Securities,Freecharge,Iksula,Kotak Securities,NSDL,Yes Bank,IndusInd",No,,,,,,,
Ugadi,HDAY_52,2024-04-09,Tuesday,NO,0,,,"Yes Bank,Bengaluru Holiday,Hyderabad- Holiday",No,,,,,,,
"Gudi Padwa",HDAY_53,2024-04-09,Tuesday,NO,0,,,"ICICI Lombard,IndusInd,Aditya Birla,Invoicemart",No,,,,,,,
Ramzan,HDAY_54,2024-04-11,Thursday,NO,0,,,"Freecharge,Kotak Securities,NSDL,Labcorp,Mumbai Holiday,Bengaluru Holiday,Hyderabad- Holiday,IndusInd",No,,,,,,,
"Idul Fitr (Ramzan Eid)",HDAY_55,2024-04-11,Thursday,NO,0,,,"Axis Securities,ICICI Lombard,Yes Bank",No,,,,,,,
"Babasaheb Ambedkar Jayanti",HDAY_56,2024-04-14,Sunday,NO,0,,,NSDL,No,,,,,,,
"Ram Navami",HDAY_57,2024-04-17,Wednesday,NO,0,,,"Axis Securities,Iksula,Kotak Securities,NSDL,IndusInd",No,,,,,,,
"Mahavir Jayanti",HDAY_58,2024-04-21,Sunday,NO,0,,,NSDL,No,,,,,,,
"Karnataka Lok Sabha Elections",HDAY_59,2024-04-26,Friday,NO,0,"Brigade Peenya, Bengaluru, India  (IWSPL.BBK)
 Brigade Peenya, Bengaluru, India  (PSI.BBK)
 Metropolis- Whitefield, Bengaluru, India  (PSI.WFBK)
 Metropolis- Whitefield, Bengaluru, India  (TPL.WFBK)
","IWSPL.BBK,PSI.BBK,PSI.WFBK,TPL.WFBK",,No,,,,,,,
"Maharashtra Day",HDAY_60,2024-05-01,Wednesday,NO,0,,,"Axis Securities,Kotak Securities,NSDL,Yes Bank,Mumbai Holiday,IndusInd,Aditya Birla,Invoicemart",No,,,,,,,
"May Day",HDAY_61,2024-05-01,Wednesday,NO,0,,,"Freecharge,Labcorp",No,,,,,,,
"Labour Day",HDAY_62,2024-05-01,Wednesday,NO,0,,,"ICICI Lombard",No,,,,,,,
"Hyderabad Lok Sabha Elections",HDAY_63,2024-05-13,Monday,NO,0,"Q City, Hyderabad, India  (PSI.QHT)
 Q City, Hyderabad, India  (TPL.QHT)
 Q City, Hyderabad, India  (IWSPL.QHT)
","PSI.QHT,TPL.QHT,IWSPL.QHT",,No,,,,,,,
"Mumbai Lok Sabha Elections",HDAY_64,2024-05-20,Monday,NO,0,"Malad Mindspace, Mumbai, India  (PSI.ETMI)
 Malad Mindspace, Mumbai, India  (TPL.ETMI)
","PSI.ETMI,TPL.ETMI",,No,,,,,,,
"Buddha Pournima",HDAY_65,2024-05-23,Thursday,NO,0,,,"IndusInd,Invoicemart",No,,,,,,,
"Bakri Eid",HDAY_66,2024-06-17,Monday,NO,0,,,"Axis Securities,Kotak Securities,NSDL,IndusInd,Aditya Birla,Invoicemart",No,,,,,,,
Moharrum,HDAY_67,2024-07-17,Wednesday,NO,0,,,"Axis Securities,Kotak Securities,NSDL,IndusInd,Aditya Birla",No,,,,,,,
"Independence Day",HDAY_68,2024-08-15,Thursday,NO,0,,,"Airtel Payment Bank,Axis Securities,Freecharge,ICICI Lombard,Iksula,Kotak Securities,NSDL,Yes Bank,Labcorp,Mumbai Holiday,Bengaluru Holiday,Hyderabad- Holiday,IndusInd,Aditya Birla,Invoicemart",No,,,,,,,
"Raksha Bandhan",HDAY_69,2024-08-19,Monday,NO,0,,,"Freecharge,Iksula",No,,,,,,,
"Krishna Janmasthami",HDAY_70,2024-08-26,Monday,NO,0,,,"Freecharge,Iksula",No,,,,,,,
"Gauri Pujan",HDAY_71,2024-09-06,Friday,NO,1,,,Labcorp,No,,,,,,,
"Ganesh Chaturthi",HDAY_72,2024-09-07,Saturday,NO,0,,,NSDL,No,,,,,,,
Id-E-Milad,HDAY_73,2024-09-16,Monday,NO,0,,,"IndusInd,Invoicemart",No,,,,,,,
"Gandhi Jayanti",HDAY_74,2024-10-02,Wednesday,NO,0,,,"Airtel Payment Bank,Axis Securities,Freecharge,ICICI Lombard,Iksula,Kotak Securities,NSDL,Yes Bank,Labcorp,Mumbai Holiday,Bengaluru Holiday,Hyderabad- Holiday,IndusInd,Aditya Birla,Invoicemart",No,,,,,,,
Dussehra,HDAY_75,2024-10-12,Saturday,NO,0,,,NSDL,No,,,,,,,
Deepavali,HDAY_76,2024-10-31,Thursday,NO,0,,,"Airtel Payment Bank,Freecharge,Kotak Securities,Mumbai Holiday,Bengaluru Holiday,Hyderabad- Holiday",No,,,,,,,
"Karnataka Rajyotsava",HDAY_77,2024-11-01,Friday,NO,0,,,"Bengaluru Holiday",No,,,,,,,
"Karnataka Rajyotsava / Haryana Day",HDAY_78,2024-11-01,Friday,NO,0,,,Freecharge,No,,,,,,,
Diwali,HDAY_79,2024-11-01,Friday,NO,0,,,"Axis Securities,ICICI Lombard,Kotak Securities,NSDL,Labcorp,IndusInd,Aditya Birla",No,,,,,,,
Deepavali,HDAY_80,2024-11-01,Friday,NO,0,,,"Airtel Payment Bank,Kotak Securities",No,,,,,,,
"Diwali Amavasya Lakshmi",HDAY_81,2024-11-01,Friday,NO,0,,,Invoicemart,No,,,,,,,
"Diwali Laxmi Puja",HDAY_82,2024-11-01,Friday,NO,0,,,"Iksula,Yes Bank",No,,,,,,,
"Diwali ( 2024 ) ",HDAY_83,2024-11-01,Friday,NO,1,,,Labcorp,No,,,,,,,
Diwali,HDAY_84,2024-11-02,Saturday,NO,0,,,NSDL,No,,,,,,,
"Gurunanak Jayanti ",HDAY_85,2024-11-15,Friday,NO,0,,,"Axis Securities,Freecharge,Kotak Securities,NSDL,Yes Bank,IndusInd,Aditya Birla,Invoicemart",No,,,,,,,
"Mumbai  Assembly Elections",HDAY_86,2024-11-20,Wednesday,NO,0,"Malad Mindspace, Mumbai, India  (PSI.ETMI)
",PSI.ETMI,"Axis Securities,Kotak Securities,Yes Bank,Labcorp,Mumbai Holiday,Aditya Birla,Invoicemart",No,,,,,,,
Christmas,HDAY_87,2024-12-25,Wednesday,NO,0,,,"Airtel Payment Bank,Axis Securities,Freecharge,ICICI Lombard,Iksula,Kotak Securities,NSDL,Yes Bank,Mumbai Holiday,Bengaluru Holiday,Hyderabad- Holiday,IndusInd,Aditya Birla,Invoicemart",No,,,,,,,
"New Year's Eve",HDAY_88,2024-12-31,Tuesday,NO,0,,,Iksula,No,,,,,,,
"New Year ",HDAY_89,2025-01-01,Wednesday,NO,0,"Columbia, Columbia, United States  (PSI.USML)
",PSI.USML,"Freecharge,ICICI Lombard,Mumbai Holiday,Bengaluru Holiday,Hyderabad- Holiday,SK Finance ",No,,,,,,,
Sankranthi,HDAY_90,2025-01-14,Tuesday,NO,0,,,"Freecharge,Bengaluru Holiday,Hyderabad- Holiday",No,,,,,,,
"Chhatrapati Shivaji Maharaj Jayanti",HDAY_91,2025-02-19,Wednesday,NO,0,,,Invoicemart,No,,,,,,,
"Maha Shivratri",HDAY_92,2025-02-26,Wednesday,NO,0,,,"Axis Securities,Freecharge,Kotak Securities,NSDL,Aditya Birla",No,,,,,,,
Holi,HDAY_93,2025-03-14,Friday,NO,0,,,"Axis Securities,Freecharge,ICICI Lombard,Kotak Securities,NSDL,Yes Bank,Mumbai Holiday,Bengaluru Holiday,Hyderabad- Holiday,Aditya Birla,Invoicemart,SK Finance ",No,,,,,,,
Ramzan,HDAY_94,2025-03-31,Monday,NO,0,,,"Axis Securities,Freecharge,ICICI Lombard,Kotak Securities,NSDL,Yes Bank,Mumbai Holiday,Bengaluru Holiday,Hyderabad- Holiday",No,,,,,,,
Ramzan,HDAY_109,2025-04-01,Tuesday,NO,0,,,Invoicemart,No,,,,,,,
"Mahavir Jayanti",HDAY_95,2025-04-10,Thursday,NO,0,,,"Axis Securities,Kotak Securities,NSDL,Yes Bank",No,,,,,,,
"Dr. Babasaheb AmbedkarJayanti",HDAY_96,2025-04-14,Monday,NO,0,,,"Axis Securities,Kotak Securities,NSDL,Yes Bank,Invoicemart",No,,,,,,,
"Good Friday",HDAY_97,2025-04-18,Friday,NO,0,,,"Axis Securities,Freecharge,Kotak Securities,NSDL,Yes Bank,Aditya Birla,Invoicemart",No,,,,,,,
"Maharashtra Day /May Day",HDAY_98,2025-05-01,Thursday,NO,0,,,"Axis Securities,ICICI Lombard,Kotak Securities,NSDL,Yes Bank,Labcorp,Mumbai Holiday,Aditya Birla,Invoicemart",No,,,,,,,
"Labour Day",HDAY_99,2025-05-01,Thursday,NO,0,,,"Axis Securities,Freecharge",No,,,,,,,
"Memorial Day",HDAY_112,2025-05-26,Monday,NO,0,"Columbia, Columbia, United States  (PSI.USML)
",PSI.USML,,No,,,,,,,
"Bakri Eid",HDAY_110,2025-06-07,Saturday,NO,0,,,NSDL,No,,,,,,,
"Independence Day- US",HDAY_113,2025-07-04,Friday,NO,0,"Columbia, Columbia, United States  (PSI.USML)
",PSI.USML,,No,,,,,,,
"Independence Day ",HDAY_100,2025-08-15,Friday,NO,0,,,"Axis Securities,Freecharge,ICICI Lombard,Kotak Securities,NSDL,Yes Bank,Labcorp,Mumbai Holiday,Bengaluru Holiday,Hyderabad- Holiday,Aditya Birla,Invoicemart,SK Finance ",No,,,,,,,
"Ganesh Chaturthi ",HDAY_101,2025-08-27,Wednesday,NO,0,,,"Axis Securities,ICICI Lombard,Kotak Securities,NSDL,Yes Bank,Mumbai Holiday,Bengaluru Holiday,Hyderabad- Holiday,Aditya Birla,Invoicemart,SK Finance ",No,,,,,,,
"Labor Day",HDAY_114,2025-09-01,Monday,NO,0,"Columbia, Columbia, United States  (PSI.USML)
",PSI.USML,"SK Finance ",No,,,,,,,
"Eid e Milad",HDAY_102,2025-09-05,Friday,NO,0,,,"Aditya Birla",No,,,,,,,
"Eid e Milad",HDAY_111,2025-09-08,Monday,NO,0,,,Invoicemart,No,,,,,,,
"Dasera/Gandhi Jayanthi",HDAY_103,2025-10-02,Thursday,NO,0,,,"Axis Securities,Freecharge,ICICI Lombard,Kotak Securities,NSDL,Yes Bank,Labcorp,Mumbai Holiday,Bengaluru Holiday,Hyderabad- Holiday,Aditya Birla,Invoicemart,SK Finance ",No,,,,,,,
"Deepavali ",HDAY_104,2025-10-20,Monday,NO,0,,,"Freecharge,Mumbai Holiday,Bengaluru Holiday,Hyderabad- Holiday",No,,,,,,,
"Goverdhan Pooja/Laxmi Puja/Diwali",HDAY_105,2025-10-21,Tuesday,NO,0,,,"Freecharge,ICICI Lombard,Kotak Securities,Aditya Birla,SK Finance ",No,,,,,,,
"Diwali 2025",HDAY_118,2025-10-21,Tuesday,NO,0,,,"Axis Securities,NSDL,Yes Bank,Invoicemart,SK Finance ,SMFG",No,,,,,,,
"Bhai Dhuj/Bhali Pratipada/Goverdhan Pooja",HDAY_106,2025-10-22,Wednesday,NO,0,,,"Axis Securities,Freecharge,ICICI Lombard,Kotak Securities,NSDL,Yes Bank,Labcorp,Aditya Birla,SK Finance ,SMFG",No,,,,,,,
"Bhai Dhuj",HDAY_117,2025-10-23,Thursday,NO,0,,,"SK Finance ",No,,,,,,,
"Guru Nanak Jayanti",HDAY_107,2025-11-05,Wednesday,NO,0,,,"Axis Securities,Freecharge,Kotak Securities,NSDL,Yes Bank,Aditya Birla,Invoicemart",No,,,,,,,
"Thanksgiving Day",HDAY_115,2025-11-27,Thursday,NO,0,"Columbia, Columbia, United States  (PSI.USML)
",PSI.USML,,No,,,,,,,
"Next day of Thanks giving",HDAY_116,2025-11-28,Friday,NO,0,"Columbia, Columbia, United States  (PSI.USML)
",PSI.USML,,No,,,,,,,
"Christmas ",HDAY_108,2025-12-25,Thursday,NO,0,"Columbia, Columbia, United States  (PSI.USML)
",PSI.USML,"Axis Securities,Freecharge,ICICI Lombard,Kotak Securities,NSDL,Yes Bank,Labcorp,Mumbai Holiday,Bengaluru Holiday,Hyderabad- Holiday,Aditya Birla,Invoicemart",No,,,,,,,
"Christmas ",HDAY_119,2025-12-25,Thursday,NO,1,,,Labcorp,No,,,,,,,
"New Year",HDAY_120,2026-01-01,Thursday,NO,0,,,"Freecharge,Labcorp,Mumbai Holiday,Bengaluru Holiday,Hyderabad- Holiday,SK Finance ",No,,,,,,,
"Makar Sankranthi",HDAY_121,2026-01-14,Wednesday,NO,0,,,"Freecharge,Bengaluru Holiday,Hyderabad- Holiday",No,,,,,,,
"BMC Elections",HDAY_149,2026-01-15,Thursday,NO,0,"Malad Mindspace, Mumbai, India  (PSI.ETMI)
",PSI.ETMI,"Axis Securities,ICICI Lombard,Kotak Securities,NSDL,Yes Bank,Labcorp,SK Finance ",No,,,,,,,
"Republic Day",HDAY_122,2026-01-26,Monday,NO,0,,,"Axis Securities,Freecharge,Kotak Securities,NSDL,Yes Bank,Labcorp,Mumbai Holiday,Bengaluru Holiday,Hyderabad All,Aditya Birla,Invoicemart,SK Finance ",No,,,,,,,
Mahashivaratri,HDAY_140,2026-02-15,Sunday,NO,0,,,NSDL,No,,,,,,,
"Shivaji Jayanti",HDAY_135,2026-02-19,Thursday,NO,0,,,Invoicemart,No,,,,,,,
Holi,HDAY_136,2026-03-03,Tuesday,NO,0,,,"Axis Securities,ICICI Lombard,Kotak Securities,NSDL,Yes Bank,Mumbai Holiday,Aditya Birla,Invoicemart,SK Finance ",No,,,,,,,
Holi,HDAY_124,2026-03-04,Wednesday,NO,0,,,Freecharge,No,,,,,,,
Holi,HDAY_152,2026-03-05,Thursday,NO,0,,,"Strategy Corps",No,,,,,,,
"Ugadi/Gudi Padwa",HDAY_123,2026-03-19,Thursday,NO,0,,,"Yes Bank,Bengaluru Holiday,Hyderabad- Holiday,Aditya Birla,Invoicemart",No,,,,,,,
"Ramzan Id",HDAY_141,2026-03-21,Saturday,NO,0,,,"NSDL,Invoicemart",No,,,,,,,
RamNavani,HDAY_142,2026-03-26,Thursday,NO,0,,,"Axis Securities,Kotak Securities,NSDL",No,,,,,,,
"Shri Mahavir Jayanthi",HDAY_143,2026-03-31,Tuesday,NO,0,,,"Axis Securities,Kotak Securities,NSDL",No,,,,,,,
"Good Friday",HDAY_130,2026-04-03,Friday,NO,0,,,"Freecharge,NSDL,Yes Bank,Aditya Birla,Invoicemart",No,,,,,,,
"Good Friday",HDAY_153,2026-04-03,Friday,NO,0,,,"Strategy Corps",No,,,,,,,
"Dr. Ambedkar Jayanthi",HDAY_137,2026-04-14,Tuesday,NO,0,,,"Yes Bank,Invoicemart",No,,,,,,,
AmbedkarJayanti,HDAY_154,2026-04-14,Tuesday,NO,0,,,"Strategy Corps",No,,,,,,,
"Maharashtra Day",HDAY_131,2026-05-01,Friday,NO,0,,,"Yes Bank,Mumbai Holiday,Aditya Birla,Invoicemart,SK Finance ",No,,,,,,,
"Labour Day",HDAY_155,2026-05-01,Friday,NO,0,,,"Strategy Corps",No,,,,,,,
"Bakri Eid",HDAY_125,2026-05-27,Wednesday,NO,0,,,"Mumbai Holiday,Bengaluru Holiday,Hyderabad- Holiday,Aditya Birla",No,,,,,,,
"ID- UZ-Zuha/Bakri Id",HDAY_138,2026-05-28,Thursday,NO,0,,,"NSDL,Invoicemart",No,,,,,,,
Moharum,HDAY_144,2026-06-26,Friday,NO,0,,,NSDL,No,,,,,,,
"Independance Day",HDAY_139,2026-08-15,Saturday,NO,0,,,"Axis Securities,NSDL,Yes Bank,Invoicemart,SK Finance ",No,,,,,,,
"Independence Day",HDAY_156,2026-08-15,Saturday,NO,0,,,"Strategy Corps",No,,,,,,,
"Raksha Bandhan",HDAY_145,2026-08-28,Friday,NO,0,,,"Freecharge,SK Finance ",No,,,,,,,
"Shri Krishna Janmashthami",HDAY_146,2026-09-04,Friday,NO,0,,,Freecharge,No,,,,,,,
"Ganesh Chaturthi",HDAY_126,2026-09-14,Monday,NO,0,,,"NSDL,Yes Bank,Mumbai Holiday,Bengaluru Holiday,Hyderabad- Holiday,Aditya Birla,Invoicemart,SK Finance ",No,,,,,,,
"Gandhi Jayanti",HDAY_127,2026-10-02,Friday,NO,0,,,"Freecharge,Yes Bank,Mumbai Holiday,Bengaluru Holiday,Hyderabad- Holiday,Aditya Birla,Invoicemart,SK Finance ,Strategy Corps",No,,,,,,,
Dussehra,HDAY_128,2026-10-20,Tuesday,NO,0,,,"Freecharge,NSDL,Mumbai Holiday,Bengaluru Holiday,Hyderabad- Holiday,Aditya Birla,Invoicemart,SK Finance ",No,,,,,,,
Dasara,HDAY_151,2026-10-20,Tuesday,NO,0,,,"Yes Bank",No,,,,,,,
Diwali,HDAY_159,2026-10-28,Wednesday,NO,0,,,"Strategy Corps",No,,,,,,,
"Govardhan Pooja",HDAY_147,2026-11-09,Monday,NO,0,,,"Freecharge,SK Finance ",No,,,,,,,
"Diwali Bali Prati Pada",HDAY_133,2026-11-10,Tuesday,NO,0,,,"Freecharge,NSDL,Yes Bank,Aditya Birla,Invoicemart",No,,,,,,,
"Bhai Dhooj",HDAY_150,2026-11-11,Wednesday,NO,0,,,"SK Finance ",No,,,,,,,
"Guru Nanak Jayanthi",HDAY_134,2026-11-24,Tuesday,NO,0,,,"Freecharge,NSDL,Yes Bank,Aditya Birla,Invoicemart",No,,,,,,,
"Guru Nanak Jayanti",HDAY_160,2026-11-24,Tuesday,NO,0,,,"Strategy Corps",No,,,,,,,
Christmas,HDAY_129,2026-12-25,Friday,NO,0,,,"Freecharge,NSDL,Yes Bank,Mumbai Holiday,Bengaluru Holiday,Hyderabad- Holiday,Aditya Birla,Invoicemart,Strategy Corps",No,,,,,,,
