"Leave Code","Dependent standard",Relation,Event,"Max Leave allowed","Custom defined dates",Name,Date
"OH _LABCORP",No,,,,Yes,"Makar Sankranti / Pongal",2023-01-16
"OH _LABCORP",No,,,,Yes,Holi,2023-03-07
"OH _LABCORP",No,,,,Yes,"Ugadi / Gudi Padwa",2023-03-22
"OH _LABCORP",No,,,,Yes,"Ram Navami",2023-03-30
"OH _LABCORP",No,,,,Yes,"Mahavir Jayanti",2023-04-04
"OH _LABCORP",No,,,,Yes,"Good Friday",2023-04-07
"OH _LABCORP",No,,,,Yes,"Vishu/ Vaishaki / Bihu / Ambedkar Jayanti",2023-04-14
"OH _LABCORP",No,,,,Yes,Eid-ul-Fitar,2023-04-21
"OH _LABCORP",No,,,,Yes,"Budhha Purnima",2023-05-05
"OH _LABCORP",No,,,,Yes,"Rath Yatra",2023-06-20
"OH _LABCORP",No,,,,Yes,"Bakri Id / Eid ul-Adha",2023-06-29
"OH _LABCORP",No,,,,Yes,"Parsi New Year",2023-08-16
"OH _LABCORP",No,,,,Yes,"Varamahalakshmi Vrata",2023-08-25
"OH _LABCORP",No,,,,Yes,Onam,2023-08-29
"OH _LABCORP",No,,,,Yes,"Raksha Bandhan",2023-08-30
"OH _LABCORP",No,,,,Yes,Janmashtami,2023-09-07
"OH _LABCORP",No,,,,Yes,"Vinayaka Chaturthi",2023-09-19
"OH _LABCORP",No,,,,Yes,"Milad un Nabi",2023-09-28
"OH _LABCORP",No,,,,Yes,Mahanavami,2023-10-23
"OH _LABCORP",No,,,,Yes,"Dussehra / Dasara",2023-10-24
"OH _LABCORP",No,,,,Yes,"Diwali / Deepavali",2023-11-14
"OH _LABCORP",No,,,,Yes,"Bhai Dhuj",2023-11-15
"OH _LABCORP",No,,,,Yes,"Guru Nanak's Birthday",2023-11-27
"OH _LABCORP",No,,,,Yes,"Kanakadas Jayanti",2023-11-30
"OH _LABCORP",No,,,,Yes,Christmas,2023-12-25
OH_SCITARA,No,,,,Yes,"Good Friday",2023-04-07
OH_SCITARA,No,,,,Yes,"Bakri id",2023-06-28
OH_SCITARA,No,,,,Yes,Id-e-Milad,2023-09-28
OH_SCITARA,No,,,,Yes,Christmas,2023-12-25
OL_HYD_24,No,,,,Yes,"Maha Shivratri",2024-03-08
OL_HYD_24,No,,,,Yes,"Holi ",2024-03-25
OL_HYD_24,No,,,,Yes,"Good Friday",2024-03-29
OL_HYD_24,No,,,,Yes,Bakrid,2024-06-17
OL_HYD_24,No,,,,Yes,"Ram Navami ",2024-04-17
OL_HYD_24,No,,,,Yes,"Rath Yatra",2024-07-08
OL_HYD_24,No,,,,Yes,"Raksha Bandhan ",2024-08-19
OL_HYD_24,No,,,,Yes,"Janmashtami ",2024-08-26
OL_HYD_24,No,,,,Yes,"Maha Navami",2024-10-11
OL_HYD_24,No,,,,Yes,"Chhath Puja ",2024-11-07
OH_BGR_24,No,,,,Yes,"Makar Sankranti ",2024-01-15
OH_BGR_24,No,,,,Yes,"Maha Shivratri ",2024-03-08
OH_BGR_24,No,,,,Yes,"Holi ",2024-03-25
OH_BGR_24,No,,,,Yes,"Good Friday",2024-03-29
OH_BGR_24,No,,,,Yes,Bakrid,2024-06-17
OH_BGR_24,No,,,,Yes,"Ram Navami",2024-04-17
OH_BGR_24,No,,,,Yes,"Rath Yatra",2024-07-08
OH_BGR_24,No,,,,Yes,"Raksha Bandhan",2024-08-19
OH_BGR_24,No,,,,Yes,Janmashtami,2024-08-26
OH_BGR_24,No,,,,Yes,"Maha Navami",2024-10-11
OH_BGR_24,No,,,,Yes,"Chhath Puja ",2024-11-07
OH_MUM_24,No,,,,Yes,"Makar Sankranti",2024-01-15
OH_MUM_24,No,,,,Yes,"Maha Shivratri",2024-03-08
OH_MUM_24,No,,,,Yes,Holi,2024-03-25
OH_MUM_24,No,,,,Yes,"Good Friday",2024-03-29
OH_MUM_24,No,,,,Yes,Ugadi,2024-04-09
OH_MUM_24,No,,,,Yes,Bakrid,2024-06-17
OH_MUM_24,No,,,,Yes,"Ram Navami ",2024-04-17
OH_MUM_24,No,,,,Yes,"Rath Yatra",2024-07-08
OH_MUM_24,No,,,,Yes,"Raksha Bandhan",2024-08-19
OH_MUM_24,No,,,,Yes,Janmashtami,2024-08-26
OH_MUM_24,No,,,,Yes,"Maha Navami ",2024-10-11
OH_MUM_24,No,,,,Yes,"Chhath Puja",2024-11-07
"OH _LABCORP_24",No,,,,Yes,"New Year's Day",2024-01-01
"OH _LABCORP_24",No,,,,Yes,"Pongal /Magha Bihu",2024-01-15
"OH _LABCORP_24",No,,,,Yes,"Thiruvalluvar Day",2024-01-16
"OH _LABCORP_24",No,,,,Yes,"Guru Gobind Singh Jayanti/Uzhavar Thirunal",2024-01-17
"OH _LABCORP_24",No,,,,Yes,"Sri Basant Panchami",2024-02-14
"OH _LABCORP_24",No,,,,Yes,"Chhatrapati Shivaji Maharaj Jayanti",2024-02-19
"OH _LABCORP_24",No,,,,Yes,Mahashivratri,2024-03-08
"OH _LABCORP_24",No,,,,Yes,Holi,2024-03-25
"OH _LABCORP_24",No,,,,Yes,"Good Friday",2024-03-29
"OH _LABCORP_24",No,,,,Yes,Jamat-Ul-Vida,2024-04-05
"OH _LABCORP_24",No,,,,Yes,"Ugadi /Gudi Padwa",2024-04-09
"OH _LABCORP_24",No,,,,Yes,"Ram Navami",2024-04-17
"OH _LABCORP_24",No,,,,Yes,"Akshaya Tritiya/Basava Jayanti",2024-05-10
"OH _LABCORP_24",No,,,,Yes,"Buddha Pournima",2024-05-23
"OH _LABCORP_24",No,,,,Yes,"Bakri Id",2024-06-17
"OH _LABCORP_24",No,,,,Yes,Muharram,2024-07-17
"OH _LABCORP_24",No,,,,Yes,"Varamahalakshmi Vrata",2024-08-16
"OH _LABCORP_24",No,,,,Yes,"Raksha Bandhan",2024-08-19
"OH _LABCORP_24",No,,,,Yes,"Krishna Janmasthami",2024-08-26
"OH _LABCORP_24",No,,,,Yes,"Id-E-Milad/ Milad-Un-Nabi",2024-09-16
"OH _LABCORP_24",No,,,,Yes,"Maha Navami/Ayudha Pooja",2024-10-11
"OH _LABCORP_24",No,,,,Yes,"Naraka Chaturdasi/Diwali",2024-10-31
"OH _LABCORP_24",No,,,,Yes,"Karnataka Rajyotsava (Karnataka Only)",2024-11-01
"OH _LABCORP_24",No,,,,Yes,"Guru Nanak Jayanti",2024-11-15
"OH _LABCORP_24",No,,,,Yes,"Kanakadas Jayanti",2024-11-18
"OH _LABCORP_24",No,,,,Yes,Christmas,2024-12-25
"OH _LABCORP_24",No,,,,Yes,Ramzan,2024-04-11
"OH _LABCORP_24",No,,,,Yes,"Gauri Pujan ",2024-09-06
OH_APB_24,No,,,,Yes,Mahashivratri,2024-03-08
OH_APB_24,No,,,,Yes,"Good Friday",2024-03-29
OH_APB_24,No,,,,Yes,"Buddha Purnima",2024-05-23
OH_APB_24,No,,,,Yes,Id-Ul-Fitr,2024-04-11
OH_APB_24,No,,,,Yes,Id-Ul-Zula,2024-06-17
OH_APB_24,No,,,,Yes,Rakshabandhan,2024-08-19
OH_APB_24,No,,,,Yes,Janmashtami,2024-08-26
OH_APB_24,No,,,,Yes,"Gurunanak Jayanthi",2024-11-15
OH_MUM_25,No,,,,Yes,"Makar Sankranthi",2025-01-14
OH_MUM_25,No,,,,Yes,"Maha Shivratri",2025-02-26
OH_MUM_25,No,,,,Yes,"Good Friday",2025-04-18
OH_MUM_25,No,,,,Yes,"Ayudha Puja",2025-10-01
OH_MUM_25,No,,,,Yes,"Lakshmi Pujan ",2025-10-21
OH_MUM_25,No,,,,Yes,"Bhai Dhoo",2025-10-23
OH_MUM_25,No,,,,Yes,"Chhath Puja",2025-10-27
OH_MUM_25,No,,,,Yes,"Karthika Purnima/Guru  Nanak's Jayanthi ",2025-11-05
OH_BGR_25,No,,,,Yes,"Maha Shivratri ",2025-02-26
OH_BGR_25,No,,,,Yes,"Good Friday",2025-04-18
OH_BGR_25,No,,,,Yes,"Ayudha Puja",2025-10-01
OH_BGR_25,No,,,,Yes,"Lakshmi Pujan",2025-10-21
OH_BGR_25,No,,,,Yes,"Bhai Dhoo",2025-10-23
OH_BGR_25,No,,,,Yes,"Chhath Puja ",2025-10-27
OH_BGR_25,No,,,,Yes,"Karthika Purnima/Guru  Nanak's Jayanthi ",2025-11-05
OL_HYD_25,No,,,,Yes,"Maha Shivratri",2025-02-26
OL_HYD_25,No,,,,Yes,"Good Friday",2025-04-18
OL_HYD_25,No,,,,Yes,"Ayudha Puja",2025-10-01
OL_HYD_25,No,,,,Yes,"Lakshmi Pujan ",2025-10-21
OL_HYD_25,No,,,,Yes,"Bhai Dhooj",2025-10-23
OL_HYD_25,No,,,,Yes,"Chhath Puja",2025-10-27
OL_HYD_25,No,,,,Yes,"Karthika Purnima/Guru  Nanak's Jayanthi",2025-11-05
"OH _LABCORP_25",No,,,,Yes,"New Years Eve",2025-01-01
"OH _LABCORP_25",No,,,,Yes,Sankranthi/Pongal,2025-01-14
"OH _LABCORP_25",No,,,,Yes,"Chhatrapati Shivaji Maharaj Jayanti",2025-02-19
"OH _LABCORP_25",No,,,,Yes,"Maha Shivaratri",2025-02-26
"OH _LABCORP_25",No,,,,Yes,"Holika Dahan",2025-03-13
"OH _LABCORP_25",No,,,,Yes,Ramzan/Id-ul-fitr,2025-03-31
"OH _LABCORP_25",No,,,,Yes,"Mahveer Jayanti",2025-04-10
"OH _LABCORP_25",No,,,,Yes,"Vishu/Dr.Ambedkar Jayanti",2025-04-14
"OH _LABCORP_25",No,,,,Yes,"Vaisakhadi/Bhaga Bihu",2025-04-15
"OH _LABCORP_25",No,,,,Yes,"Good Friday",2025-04-18
"OH _LABCORP_25",No,,,,Yes,"Basav Jayanti/ Akshaya  Tritya",2025-04-30
"OH _LABCORP_25",No,,,,Yes,"Guru Rabindranath's Birthday",2025-05-09
"OH _LABCORP_25",No,,,,Yes,"Buddha Poornima",2025-05-12
"OH _LABCORP_25",No,,,,Yes,Bakrid,2025-06-06
"OH _LABCORP_25",No,,,,Yes,"Rath Yatra",2025-06-27
"OH _LABCORP_25",No,,,,Yes,"Vara Mahalakshmi  Vrata/ Raksha Bandhan",2025-08-08
"OH _LABCORP_25",No,,,,Yes,"Ganesh Chaturthi",2025-08-27
"OH _LABCORP_25",No,,,,Yes,"Id Milad/Onam",2025-09-05
"OH _LABCORP_25",No,,,,Yes,Mahanavami/Dussera,2025-10-01
"OH _LABCORP_25",No,,,,Yes,"Valmiki Jayanti",2025-10-07
"OH _LABCORP_25",No,,,,Yes,"Karwa Chauth",2025-10-10
"OH _LABCORP_25",No,,,,Yes,"Naraka Chaturdashi",2025-10-20
"OH _LABCORP_25",No,,,,Yes,"Diwali Amavsya/Laxmi Pujan",2025-10-21
"OH _LABCORP_25",No,,,,Yes,Balipadyami/Deepavali/Diwali,2025-10-22
"OH _LABCORP_25",No,,,,Yes,"Guru Nanak Jayanti",2025-11-05
"OH _LABCORP_25",No,,,,Yes,Holi,2025-03-14
"OH _LABCORP_25",No,,,,Yes,Christmas,2025-12-25
OH_MUM_26,No,,,,Yes,"Makar Sankrathi",2026-01-14
OH_MUM_26,No,,,,Yes,"Ram Navami",2026-03-27
OH_MUM_26,No,,,,Yes,"Good Friday",2026-04-03
OH_MUM_26,No,,,,Yes,"Raksha Bandhan",2026-08-28
OH_MUM_26,No,,,,Yes,"krishna Ashtami",2026-09-04
OH_MUM_26,No,,,,Yes,"Ayudha Pooja",2026-10-20
OH_MUM_26,No,,,,Yes,"Bali Pratipada",2026-11-10
OH_MUM_26,No,,,,Yes,"Bhai Dhooj",2026-11-11
OH_MUM_26,No,,,,Yes,"Chaath Puja",2026-11-13
OH_MUM_26,No,,,,Yes,"Karthika Purnima/Guru  Nanak's Jayanth",2026-11-24
OL_HYD_26,No,,,,Yes,Holi,2026-03-04
OL_HYD_26,No,,,,Yes,"Ram Navami",2026-03-27
OL_HYD_26,No,,,,Yes,"Good Friday",2026-04-03
OL_HYD_26,No,,,,Yes,"Varalakshmi Vratam",2026-08-21
OL_HYD_26,No,,,,Yes,"Raksha Bandhan",2026-08-28
OL_HYD_26,No,,,,Yes,"krishna Ashtami",2026-09-04
OL_HYD_26,No,,,,Yes,"Ayudha Pooja",2026-10-20
OL_HYD_26,No,,,,Yes,"Bali Pratipada",2026-11-10
OL_HYD_26,No,,,,Yes,"Bhai Dhooj",2026-11-11
OL_HYD_26,No,,,,Yes,"Chaath Puja",2026-11-13
OL_HYD_26,No,,,,Yes,"Karthika Purnima/Guru  Nanak's Jayanthi",2026-11-24
OL_HYD_26,No,,,,Yes,Sankranthi,2026-01-15
OH_BGR_26,No,,,,Yes,Holi,2026-03-04
OH_BGR_26,No,,,,Yes,"Ram Navami",2026-03-27
OH_BGR_26,No,,,,Yes,"Good Friday",2026-04-03
OH_BGR_26,No,,,,Yes,"Varalakshmi Vratam",2026-08-21
OH_BGR_26,No,,,,Yes,"Raksha Bandhan",2026-11-28
OH_BGR_26,No,,,,Yes,"krishna Ashtami",2026-09-04
OH_BGR_26,No,,,,Yes,"Ayudha Pooja",2026-10-20
OH_BGR_26,No,,,,Yes,"Bali Pratipada",2026-11-10
OH_BGR_26,No,,,,Yes,"Bhai Dhooj",2026-11-11
OH_BGR_26,No,,,,Yes,"Chaath Puja",2026-11-13
OH_BGR_26,No,,,,Yes,"Karthika Purnima/Guru  Nanak's Jayanthi",2026-11-24
OH_BGR_26,No,,,,Yes,Sankranthi,2026-01-15
"OH _LABCORP_26",No,,,,Yes,"New Year",2026-01-01
"OH _LABCORP_26",No,,,,Yes,BMC,2026-01-15
"OH _LABCORP_26",No,,,,Yes,"Gudi Padva",2026-03-19
"OH _LABCORP_26",No,,,,Yes,Holi,2026-03-03
"OH _LABCORP_26",No,,,,Yes,"Good Friday",2026-04-03
"OH _LABCORP_26",No,,,,Yes,Vishu,2026-04-15
"OH _LABCORP_26",No,,,,Yes,"Akshaya Trithaiya",2026-04-20
"OH _LABCORP_26",No,,,,Yes,"Ambedkar Jayanthi",2026-04-14
