"Assignment Name","Assignment Code",Description,"Applicable for Process","Business Unit","Employee Type","Employee Sub Type","Parent Company",Department,"Designation Name",Grade,Band,"Pay Scale","Office Location",Division,"Contribution Level","Employee Group","Notice Period from Employee","Appraisal Period","Location Type","Location Region","Job Family","Functional Area(Not Applicable)","Project Allocated",Gender,Nationality,"Marital Status",Timezone,"Employee Status","Current Address Country","Permanent Address Country","Designation Role Category",Salutation,"Blood Group","Designation Title(Not Applicable)",Capability,"Current Address State","Current Address City","Permanent Address State","Permanent Address City","Company Country","Pay Group","PF Applicability","PF Restriction","ESIC Applicable","LWF Applicable","EPS Applicability","PT Applicability","TDS Applicability","On Probation","On Notice","Manager Level","Is HOD","Is HRBP","Is Standard Role 1","Is Standard Role 2","Is Standard Role 3","Designation Exempt Status","Rotational Shift - Biographical","Sub Community Details - Biographical","Emergency Contact Relation - Emergency","Second Emergency Contact Relation - Emergency","Employee Group - Employment","Client Office Location - Employment","Performance Appraisal Month - Employment","Contract Status - Employment","Work Type - Employment","Experience From DOJ Condition","Experience From DOJ Date Range 1","Experience From DOJ Date Range 2","Experience From Group DOJ Condition","Experience From Group DOJ Date Range 1","Experience From Group DOJ Date Range 2","Age Condition","Age Date Range 1","Age Date Range 2","Experience in Current Role Condition","Experience in Current Role Date Range 1","Experience in Current Role Date Range 2","Experience in Company Condition","Experience in Company Date Range 1","Experience in Company Date Range 2","Included Employees","Exclude - Business Unit","Exclude - Employee Type","Exclude - Employee Sub Type","Exclude - Parent Company","Exclude - Department","Exclude - Designation Name","Exclude - Grade","Exclude - Band","Exclude - Pay Scale","Exclude - Office Location","Exclude - Division","Exclude - Contribution Level","Exclude - Employee Group","Exclude - Notice Period from Employee","Exclude - Appraisal Period","Exclude - Location Type","Exclude - Location Region","Exclude - Job Family","Exclude - Functional Area(Not Applicable)","Exclude - Project Allocated","Exclude - Gender","Exclude - Nationality","Exclude - Marital Status","Exclude - Timezone","Exclude - Employee Status","Exclude - Current Address Country","Exclude - Permanent Address Country","Exclude - Designation Role Category","Exclude - Salutation","Exclude - Blood Group","Exclude - Designation Title(Not Applicable)","Exclude - Capability","Exclude - Current Address State","Exclude - Current Address City","Exclude - Permanent Address State","Exclude - Permanent Address City","Exclude - Company Country","Exclude - Pay Group","Exclude - PF Applicability","Exclude - PF Restriction","Exclude - ESIC Applicable","Exclude - LWF Applicable","Exclude - EPS Applicability","Exclude - PT Applicability","Exclude - TDS Applicability","Exclude - On Probation","Exclude - On Notice","Exclude - Manager Level","Exclude - Is HOD","Exclude - Is HRBP","Exclude - Is Standard Role 1","Exclude - Is Standard Role 2","Exclude - Is Standard Role 3","Exclude - Designation Exempt Status","Exclude - Rotational Shift - Biographical","Exclude - Sub Community Details - Biographical","Exclude - Emergency Contact Relation - Emergency","Exclude - Second Emergency Contact Relation - Emergency","Exclude - Employee Group - Employment","Exclude - Client Office Location - Employment","Exclude - Performance Appraisal Month - Employment","Exclude - Contract Status - Employment","Exclude - Work Type - Employment","Exclude - Experience From DOJ Condition","Exclude - Experience From DOJ Date Range 1","Exclude - Experience From DOJ Date Range 2","Exclude - Experience From Group DOJ Condition","Exclude - Experience From Group DOJ Date Range 1","Exclude - Experience From Group DOJ Date Range 2","Exclude - Age Condition","Exclude - Age Date Range 1","Exclude - Age Date Range 2","Exclude - Experience in Current Role Condition","Exclude - Experience in Current Role Date Range 1","Exclude - Experience in Current Role Date Range 2","Exclude - Experience in Company Condition","Exclude - Experience in Company Date Range 1","Exclude - Experience in Company Date Range 2","Excluded Employees"
"Confirmed Employees",,,Default,,"Full Time",,,"Adminstration (TPL.A),Mumbai Admin (TPL.A.MAD),Business Development (TPL.BD),Database Support (TPL.DS),Support (TPL.DS.SUPP),Development (TPL.DEV),Back End (TPL.DEV.BE),DBA (TPL.DEV.DBA),Front end (TPL.DEV.FE),Full Stack (TPL.DEV.FS),Finance (TPL.F),Accounts (TPL.F.ACC),Human Resources (TPL.HR),Core HR (TPL.HR.CHR),Core HR and PMO (TPL.HR.CHAP),Talent Acquisition (TPL.HR.TA),Talent Acquisition and PMO (TPL.HR.TAAP),IT (TPL.IT),Networking and Hardware Support (TPL.IT.NAHS),Sales (TPL.BD.S),Project Coordinator (TPL.PC),Coordinator (TPL.PC.CD),Project Management (TPL.PM),Business Analysis (TPL.PM.BA),Project Manager (TPL.PM.PMO),Quality Assurance (TPL.QA),Automation Testing (TPL.QA.AT),Manual Testing (TPL.QA.MT),CEO (PSI.C),Adminstration (PSI.A),Hyderabad Admin (PSI.A.HA),Digital (PSI.D),Content (PSI.D.C),Marketing (PSI.D.MKT),SEO (PSI.D.SEO),Finance (PSI.F),Accounts (PSI.F.ACC),Human Resources (PSI.HR),Core HR (PSI.HR.CHR),HR (PSI.HR.HR),Talent Acquisition (PSI.HR.TA),IT (PSI.IT),Networking and Hardware Support (PSI.IT.NAHS),Networking and Support (PSI.IT.NAS),Operations (PSI.O),Sales (PSI.O.S),Design (PSI.DG),UI/UX (PSI.DG.UI/UX),UX (PSI.DG.UX),Development (PSI.DEV),Back End (PSI.DEV.BE),Business Analysis (PSI.PRDM.BA),DBA (PSI.DEV.DBA),Front End (PSI.DEV.FE),Full Stack (PSI.DEV.FS),Networking and Telecom (PSI.DEV.NAT),VP QA & Devops (PSI.VP.QA&DO),DevOps and Support (PSI.DAS),Application and Infra Support (PSI.DAS.AAIS),Core DevOps (PSI.DAS.CDO),FinOps (PSI.DAS.FO),Quality Assurance (PSI.QA),Automation Testing (PSI.QA.AT),Manual Testing (PSI.QA.MT),Networking and Telecom (PSI.QA.NAT),Business Development (PSI.BD),Inside Sales (PSI.BD.IS),Marketing (PSI.BD.MKT),Sales (PSI.BD.S),Company Director (PSI.C.CD),Senior Director HR (PSI.C.SDHR),Quality (PSI.DEV.Q),Audit (PSI.DEV.Q.A),Mobile IOS (PSI.DEV.MIOS),Mobile Android (PSI.DEV.MA),Mobile (PSI.DEV.MOB),Mobile Testing (PSI.QA.MOBT),Application Support (PSI.QA.AS),VOIP Support (PSI.QA.AS.VOIPS),Bengaluru Admin (PSI.A.BA),UX (PSI.D.UX),Operations Center Head- Mumbai  (PSI.O.OCHM),Database Support (PSI.C.DS),Application Support (PSI.C.DS.AS),Application Support (TPL.DS.AS),Co Founder-EVP (PSI.BD.CFEVP),Product Management (PSI.PRDM),Admin (TPL.AD.AD),Automation (PSI.QA.ATT),Documentation (PSI.PRDM.D),ERP (IWSPL.DEV.ERP)",,,,,,,,,,,,,,,,,,,,,,,,,,,,,,,,,,,,,,,,,No,,,,,,,,,,,,,,,,,,,,,,,,,,,,,,,,,,,,,,,,,,,,,,,,,,,,,,,,,,,,,,,,,,,,,,,,,,,,,,,,,,,,,,,,,,,,,,,,,,,,,,,,,,,,,,,,
"All Employees",,,Default,,,,"PrimeSoft,PrimeSoft IP Solutions Private Limited.,Tejora Private Limited,Igenero Web Solutions Private Limited",,,,,,,,,,,,,,,,,,,,,,,,,,,,,,,,,,,,,,,,,,,,,,,,,,,,,,,,,,,,,,,,,,,,,,,,,,,,,,,,,,,,,,,,,,,,,,,,,,,,,,,,,,,,,,,,,,,,,,,,,,,,,,,,,,,,,,,,,,,,,,,,,,,,,,,,,,
CEO,,,Default,,,,,,"CEO (Des_1)",,,,,,,,,,,,,,,,,,,,,,,,,,,,,,,,,,,,,,,,,,,,,,,,,,,,,,,,,,,,,,,,,,,,,,,,,,,,,,,,,,,,,,,,,,,,,,,,,,,,,,,,,,,,,,,,,,,,,,,,,,,,,,,,,,,,,,,,,,,,,,,,,,,,,,,,
"Above Managers",,,Default,,,,,,,,,,,,"Senior Manager (SM),Senior Management (SRM),Manager (M)",,,,,,,,,,,,,,,,,,,,,,,,,,,,,,,,,,,,,,,,,,,,,,,,,,,,,,,,,,,,,,,,,,,,,,,,,,,,,,,,,,,,,,,,,,,,,,,,,,,,,,,,,,,,,,,,,,,,,,,,,,,,,,,,,,,,,,,,,,,,,,,,,,
"Below Managers",,,Default,,,,,,,,,,,,"Senior Lead (SL),Associate (A),Lead (L),Individual Contributor (IC)",,,,,,,,,,,,,,,,,,,,,,,,,,,,,,,,,,,,,,,,,,,,,,,,,,,,,,,,,,,,,,,,,,,,,,,,,,,,,,,,,,,,,,,,,,,,,,,,,,,,,,,,,,,,,,,,,,,,,,,,,,,,,,,,,,,,,,,,,,,,,,,,,,
"IT / Admin",,,Default,,,,,,"Senior Admin Executive (Des_22)",,,,,,,,,,,,,,,,,,,,,,,,,,,,,,,,,,,,,,,,,,,,,,,,,,,,,,,,,,,,,,,,,,,,,,,,,,,,,,,,,,,,,,,,,,,,,,,,,,,,,,,,,,,,,,,,,,,,,,,,,,,,,,,,,,,,,,,,,,,,,,,,,,,,,,,,
"Immediate Relieving",,,Default,,,,,,,,,,,,,,,,,,,,,,,,,,,,,,,,,,,,,,,,,,,,,,,,,,,,,,,,,,,,,,,,,,,,,,,,,,,,,,,,,,,,,,,,,,,,,,,,,,,,,,,,,,,,,,,,,,,,,,,,,,,,,,,,,,,,,,,,,,,,,,,,,,,,,,,,,,,,,,
"Performance Management System Goal setting",UAS_1,,Default,,"Consultant,Contract,Full Time,Associate,Part time",,"PrimeSoft,PrimeSoft IP Solutions Private Limited.,Tejora Private Limited,Igenero Web Solutions Private Limited",,,,,,,,,,,,,,,,,,,,,,,,,,,,,,,,,,,,,,,,,,,No,,,,,,,,,,,,,,,,,,,,,,,,,,,,,,,,,,,,,,,,,,,,,,,,,,,,,,,,,,,,,,,,,,,,,,,,,,,,,,,,,,,,,,,,,,,,,,,,,,,,,,,,,,,,,,,
"RM for Policy",UAS_2,,Default,,,,,,,,,,,,,,,,,,,,,,,,,,,,,,,,,,,,,,,,,,,,,,,,,,,,,,,,,,,,,,,,,,,,,,,,,,,,,,,,,,,,,,,,,,,,,,,,,,,,,,,,,,,,,,,,,,,,,,,,,,,,,,,,,,,,,,,,,,,,,,,,,,,,,,,,,,,,,,
PrimeSoft,UAS_3,,Default,,,,"PrimeSoft IP Solutions Private Limited.",,,,,,,,,,,,,,,,,,,,,,,,,,,,,,,,,,,,,,,,,,,,,,,,,,,,,,,,,,,,,,,,,,,,,,,,,,,,,,,,,,,,,,,,,,,,,,,,,,,,,,,,,,,,,,,,,,,,,,,,,,,,,,,,,,,,,,,,,,,,,,,,,,,,,,,,,,
Tejora,UAS_4,,Default,,,,"Tejora Private Limited",,,,,,,,,,,,,,,,,,,,,,,,,,,,,,,,,,,,,,,,,,,,,,,,,,,,,,,,,,,,,,,,,,,,,,,,,,,,,,,,,,,,,,,,,,,,,,,,,,,,,,,,,,,,,,,,,,,,,,,,,,,,,,,,,,,,,,,,,,,,,,,,,,,,,,,,,,
"January Appraisal",UAS_5,,Default,,,,,,,,,,,,,,,"January (January)",,,,,,,,,,,,,,,,,,,,,,,,,,,,,,,,No,,,,,,,,,,,,,,,,,,,,,,,,,,,,,,,,,,,,,,,,,,,,,,,,,,,,,,,,,,,,,,,,,,,,,,,,,,,,,,,,,,,,,,,,,,,,,,,,,,,,,,,,,,,,,,,
"February Appraisal",UAS_6,,Default,,,,,,,,,,,,,,,"February (February)",,,,,,,,,,,,,,,,,,,,,,,,,,,,,,,,No,,,,,,,,,,,,,,,,,,,,,,,,,,,,,,,,,,,,,,,,,,,,,,,,,,,,,,,,,,,,,,,,,,,,,,,,,,,,,,,,,,,,,,,,,,,,,,,,,,,,,,,,,,,,,,,
"March Appraisal",UAS_7,,Default,,,,,,,,,,,,,,,"March (March)",,,,,,,,,,,,,,,,,,,,,,,,,,,,,,,,No,,,,,,,,,,,,,,,,,,,,,,,,,,,,,,,,,,,,,,,,,,,,,,,,,,,,,,,,,,,,,,,,,,,,,,,,,,,,,,,,,,,,,,,,,,,,,,,,,,,,,,,,,,,,,,,
"April Appraisal",UAS_8,,Default,,,,,,,,,,,,,,,"April (April)",,,,,,,,,,,,,,,,,,,,,,,,,,,,,,,,No,,,,,,,,,,,,,,,,,,,,,,,,,,,,,,,,,,,,,,,,,,,,,,,,,,,,,,,,,,,,,,,,,,,,,,,,,,,,,,,,,,,,,,,,,,,,,,,,,,,,,,,,,,,,,,,
"May Appraisal",UAS_9,,Default,,,,,,,,,,,,,,,"May (May)",,,,,,,,,,,,,,,,,,,,,,,,,,,,,,,,No,,,,,,,,,,,,,,,,,,,,,,,,,,,,,,,,,,,,,,,,,,,,,,,,,,,,,,,,,,,,,,,,,,,,,,,,,,,,,,,,,,,,,,,,,,,,,,,,,,,,,,,,,,,,,,,
"June Appraisal",UAS_10,,Default,,,,,,,,,,,,,,,"June (June)",,,,,,,,,,,,,,,,,,,,,,,,,,,,,,,,No,,,,,,,,,,,,,,,,,,,,,,,,,,,,,,,,,,,,,,,,,,,,,,,,,,,,,,,,,,,,,,,,,,,,,,,,,,,,,,,,,,,,,,,,,,,,,,,,,,,,,,,,,,,,,,,
"July Appraisal",UAS_11,,Default,,,,,,,,,,,,,,,"July (July)",,,,,,,,,,,,,,,,,,,,,,,,,,,,,,,,No,,,,,,,,,,,,,,,,,,,,,,,,,,,,,,,,,,,,,,,,,,,,,,,,,,,,,,,,,,,,,,,,,,,,,,,,,,,,,,,,,,,,,,,,,,,,,,,,,,,,,,,,,,,,,,,
"August Appraisal",UAS_12,,Default,,,,,,,,,,,,,,,"August (August)",,,,,,,,,,,,,,,,,,,,,,,,,,,,,,,,No,,,,,,,,,,,,,,,,,,,,,,,,,,,,,,,,,,,,,,,,,,,,,,,,,,,,,,,,,,,,,,,,,,,,,,,,,,,,,,,,,,,,,,,,,,,,,,,,,,,,,,,,,,,,,,,
"September Appraisal",UAS_13,,Default,,,,,,,,,,,,,,,"September (September)",,,,,,,,,,,,,,,,,,,,,,,,,,,,,,,,No,,,,,,,,,,,,,,,,,,,,,,,,,,,,,,,,,,,,,,,,,,,,,,,,,,,,,,,,,,,,,,,,,,,,,,,,,,,,,,,,,,,,,,,,,,,,,,,,,,,,,,,,,,,,,,,
"October Appraisal",UAS_14,,Default,,,,,,,,,,,,,,,"October (October)",,,,,,,,,,,,,,,,,,,,,,,,,,,,,,,,No,,,,,,,,,,,,,,,,,,,,,,,,,,,,,,,,,,,,,,,,,,,,,,,,,,,,,,,,,,,,,,,,,,,,,,,,,,,,,,,,,,,,,,,,,,,,,,,,,,,,,,,,,,,,,,,
"November Appraisal",UAS_15,,Default,,,,,,,,,,,,,,,"November (November)",,,,,,,,,,,,,,,,,,,,,,,,,,,,,,,,No,,,,,,,,,,,,,,,,,,,,,,,,,,,,,,,,,,,,,,,,,,,,,,,,,,,,,,,,,,,,,,,,,,,,,,,,,,,,,,,,,,,,,,,,,,,,,,,,,,,,,,,,,,,,,,,
"December Appraisal",UAS_16,,Default,,,,,,,,,,,,,,,"December (December)",,,,,,,,,,,,,,,,,,,,,,,,,,,,,,,,No,,,,,,,,,,,,,,,,,,,,,,,,,,,,,,,,,,,,,,,,,,,,,,,,,,,,,,,,,,,,,,,,,,,,,,,,,,,,,,,,,,,,,,,,,,,,,,,,,,,,,,,,,,,,,,,
"Upper Managerment",UAS_17,,Default,,,,,,,,,,,,"Senior Management (SRM)",,,,,,,,,,,,,,,,,,,,,,,,,,,,,,,,,,,,,,,,,,,,,,,,,,,,,,,,,,,,,,,,,,,,,,,,,,,,,,,,,,,,,,,,,,,,,,,,,,,,,,,,,,,,,,,,,,,,,,,,,,,,,,,,,,,,,,,,,,,,,,,,,,
"Contract & Consultant",UAS_18,,Default,,"Consultant,Contract",,,,,,,,,,,,,,,,,,,,,,,,,,,,,,,,,,,,,,,,,,,,,,,,,,,,,,,,,,,,,,,,,,,,,,,,,,,,,,,,,,,,,,,,,,,,,,,,,,,,,,,,,,,,,,,,,,,,,,,,,,,,,,,,,,,,,,,,,,,,,,,,,,,,,,,,,,,,
"Airtel Payment Bank",UAS_19,,Default,,,,,,,,,,"Brigade Peenya Bengaluru  (IWSPL.BBK),Brigade Peenya Bengaluru  (PSI.BBK),Brigade Peenya Bengaluru  (TPL.BBK),Malad Mindspace Mumbai  (PSI.ETMI),Malad Mindspace Mumbai  (TPL.ETMI),Metropolis- Whitefield Bengaluru  (PSI.WFBK),Metropolis- Whitefield Bengaluru  (TPL.WFBK),Prestige Sky Tech Hyderabad  (PSI.PST.Hyd)",,,,,,,,,,"Airtel Payment Bank",,,,,,,,,,,,,,,,,,,,,,,,,,,,,,,,,,,,,,,,,,,,,,,,,,,,,,,,,,,,,,,,,,,,,,,,,,,,,,,,,,,,,,,,,,,,,,,,,,,,,,,,,,,,,,,,,,,,,,,,,,,,,,,,,,,,,,,,,,
"Axis Securities",UAS_20,,Default,,,,,,,,,,"Brigade Peenya Bengaluru  (IWSPL.BBK),Brigade Peenya Bengaluru  (PSI.BBK),Brigade Peenya Bengaluru  (TPL.BBK),Malad Mindspace Mumbai  (PSI.ETMI),Malad Mindspace Mumbai  (TPL.ETMI),Metropolis- Whitefield Bengaluru  (PSI.WFBK),Metropolis- Whitefield Bengaluru  (TPL.WFBK)",,,,,,,,,,"AXIS Securities",,,,,,,,,,,,,,,,,,,,,,,,,,,,,,,,,,,,,,,,,,,,,,,,,,,,,,,,,,,,,,,,,,,,,,,,,,,,,,,,,,,,,,,,,,,,,,,,,,,,,,,,,,,,,,,,,,,,,,,,,,,,,,,,,,,,,,,,,,
Freecharge,UAS_21,,Default,,,,,,,,,,"Brigade Peenya Bengaluru  (IWSPL.BBK),Brigade Peenya Bengaluru  (PSI.BBK),Brigade Peenya Bengaluru  (TPL.BBK),Malad Mindspace Mumbai  (PSI.ETMI),Malad Mindspace Mumbai  (TPL.ETMI),Metropolis- Whitefield Bengaluru  (PSI.WFBK),Metropolis- Whitefield Bengaluru  (TPL.WFBK),Prestige Sky Tech Hyderabad  (PSI.PST.Hyd)",,,,,,,,,,Freecharge,,,,,,,,,,,,,,,,,,,,,,,,,,,,,,,,,,,,,,,,,,,,,,,,,,,,,,,,,,,,,,,,,,,,,,,,,,,,,,,,,,,,,,,,,,,,,,,,,,,,,,,,,,,,,,,,,,,,,,,,,,,,,,,,,,,,,,,,,,
Gender,UAS_22,,Default,,,,,,,,,,,,,,,,,,,,,Female,,,,,,,,,,,,,,,,,,,,,,,,,,,,,,,,,,,,,,,,,,,,,,,,,,,,,,,,,,,,,,,,,,,,,,,,,,,,,,,,,,,,,,,,,,,,,,,,,,,,,,,,,,,,,,,,,,,,,,,,,,,,,,,,,,,,,,,,,
"Full Time & Associate Leave",UAS_23,,Default,,"Full Time,Associate",,,,,,,,,,,,,,,,,,,,,,,,,,,,,,,,,,,,,,,,,,,,,,,,,,,,,,,,,,,,,,,,,,,,,,,,,,,,,,,,,,,,,,,,,,,,,,,,,,,,,,,,,,,,,,,,,,,,,,,,,,,,,,,,,,,,,,,,,,,,,,,,,,,,,,,,,,,,
"Contract and Consultant Leave",UAS_24,,Default,,"Consultant,Contract","Consultant,Contract,Full Time,Part Time,Full Time,Part Time",,,,,,,,,,,,,,,,,,,,,,,,,,,,,,,,,,,,,,,,,,,,,,,,,,,,,,,,,,,,,,,,,,,,,,,,,,,,,,,,,,,,,,,,,,,,,,,,,,,,,,,,,,,,,,,,,,,,,,,,,,,,,,,,,,,,,,,,,,,,,,,,,,,,,,,,,,,
"ICICI Lombard",UAS_25,,Default,,,,,,,,,,"Brigade Peenya Bengaluru  (IWSPL.BBK),Brigade Peenya Bengaluru  (PSI.BBK),Brigade Peenya Bengaluru  (TPL.BBK),Malad Mindspace Mumbai  (PSI.ETMI),Malad Mindspace Mumbai  (TPL.ETMI),Metropolis- Whitefield Bengaluru  (PSI.WFBK),Metropolis- Whitefield Bengaluru  (TPL.WFBK),Prestige Sky Tech Hyderabad  (PSI.PST.Hyd)",,,,,,,,,,"ICICI Lombard",,,,,,,,,,,,,,,,,,,,,,,,,,,,,,,,,,,,,,,,,,,,,,,,,,,,,,,,,,,,,,,,,,,,,,,,,,,,,,,,,,,,,,,,,,,,,,,,,,,,,,,,,,,,,,,,,,,,,,,,,,,,,,,,,,,,,,,,,,
Iksula,UAS_26,,Default,,,,,,,,,,"Brigade Peenya Bengaluru  (IWSPL.BBK),Q City Hyderabad  (IWSPL.QHT),Brigade Peenya Bengaluru  (PSI.BBK),Malad Mindspace Mumbai  (PSI.ETMI),Metropolis- Whitefield Bengaluru  (PSI.WFBK),Q City Hyderabad  (PSI.QHT),Brigade Peenya Bengaluru  (TPL.BBK),Malad Mindspace Mumbai  (TPL.ETMI),Metropolis- Whitefield Bengaluru  (TPL.WFBK),Q City Hyderabad  (TPL.QHT)",,,,,,,,,,Iksula,,,,,,,,,,,,,,,,,,,,,,,,,,,,,,,,,,,,,,,,,,,,,,,,,,,,,,,,,,,,,,,,,,,,,,,,,,,,,,,,,,,,,,,,,,,,,,,,,,,,,,,,,,,,,,,,,,,,,,,,,,,,,,,,,,,,,,,,,,
"Kotak Securities",UAS_27,,Default,,,,,,,,,,"Brigade Peenya Bengaluru  (IWSPL.BBK),Brigade Peenya Bengaluru  (PSI.BBK),Brigade Peenya Bengaluru  (TPL.BBK),Malad Mindspace Mumbai  (PSI.ETMI),Malad Mindspace Mumbai  (TPL.ETMI),Metropolis- Whitefield Bengaluru  (PSI.WFBK),Metropolis- Whitefield Bengaluru  (TPL.WFBK),Prestige Sky Tech Hyderabad  (PSI.PST.Hyd)",,,,,,,,,,"Kotak Securities",,,,,,,,,,,,,,,,,,,,,,,,,,,,,,,,,,,,,,,,,,,,,,,,,,,,,,,,,,,,,,,,,,,,,,,,,,,,,,,,,,,,,,,,,,,,,,,,,,,,,,,,,,,,,,,,,,,,,,,,,,,,,,,,,,,,,,,,,,
NSDL,UAS_28,,Default,,,,,,,,,,"Brigade Peenya Bengaluru  (IWSPL.BBK),Brigade Peenya Bengaluru  (PSI.BBK),Brigade Peenya Bengaluru  (TPL.BBK),Malad Mindspace Mumbai  (PSI.ETMI),Malad Mindspace Mumbai  (TPL.ETMI),Metropolis- Whitefield Bengaluru  (PSI.WFBK),Metropolis- Whitefield Bengaluru  (TPL.WFBK),Prestige Sky Tech Hyderabad  (PSI.PST.Hyd)",,,,,,,,,,NSDL,,,,,,,,,,,,,,,,,,,,,,,,,,,,,,,,,,,,,,,,,,,,,,,,,,,,,,,,,,,,,,,,,,,,,,,,,,,,,,,,,,,,,,,,,,,,,,,,,,,,,,,,,,,,,,,,,,,,,,,,,,,,,,,,,,,,,,,,,,
Scitara,UAS_29,,Default,,,,,,,,,,"Brigade Peenya Bengaluru  (IWSPL.BBK),Q City Hyderabad  (IWSPL.QHT),Brigade Peenya Bengaluru  (PSI.BBK),Malad Mindspace Mumbai  (PSI.ETMI),Metropolis- Whitefield Bengaluru  (PSI.WFBK),Q City Hyderabad  (PSI.QHT),Brigade Peenya Bengaluru  (TPL.BBK),Malad Mindspace Mumbai  (TPL.ETMI),Metropolis- Whitefield Bengaluru  (TPL.WFBK),Q City Hyderabad  (TPL.QHT)",,,,,,,,,,Scitara,,,,,,,,,,,,,,,,,,,,,,,,,,,,,,,,,,,,,,,,,,,,,,,,,,,,,,,,,,,,,,,,,,,,,,,,,,,,,,,,,,,,,,,,,,,,,,,,,,,,,,,,,,,,,,,,,,,,,,,,,,,,,,,,,,,,,,,,,,
Welldoc,UAS_30,,Default,,,,,,,,,,"Brigade Peenya Bengaluru  (IWSPL.BBK),Brigade Peenya Bengaluru  (PSI.BBK),Brigade Peenya Bengaluru  (TPL.BBK),Malad Mindspace Mumbai  (PSI.ETMI),Malad Mindspace Mumbai  (TPL.ETMI),Metropolis- Whitefield Bengaluru  (PSI.WFBK),Metropolis- Whitefield Bengaluru  (TPL.WFBK),Prestige Sky Tech Hyderabad  (PSI.PST.Hyd),Q City Hyderabad  (PSI.QHT),Q City Hyderabad  (TPL.QHT),Q City Hyderabad  (IWSPL.QHT)",,,,,,,,,,WellDoc,,,,,,,,,,,,,,,,,,,,,,,,,,,,,,,,,,,,,,,,,,,,,,,,,,,,,,,,,,,,,,,,,,,,,,,,,,,,,,,,,,,,,,,,,,,,,,,,,,,,,,,,,,,,,,,,,,,,,,,,,,,,,,,,,,,,,,,,,,
"Yes Bank",UAS_31,,Default,,,,,,,,,,"Brigade Peenya Bengaluru  (IWSPL.BBK),Brigade Peenya Bengaluru  (PSI.BBK),Brigade Peenya Bengaluru  (TPL.BBK),Malad Mindspace Mumbai  (PSI.ETMI),Malad Mindspace Mumbai  (TPL.ETMI),Metropolis- Whitefield Bengaluru  (PSI.WFBK),Metropolis- Whitefield Bengaluru  (TPL.WFBK),Prestige Sky Tech Hyderabad  (PSI.PST.Hyd)",,,,,,,,,,"Yes Bank",,,,,,,,,,,,,,,,,,,,,,,,,,,,,,,,,,,,,,,,,,,,,,,,,,,,,,,,,,,,,,,,,,,,,,,,,,,,,,,,,,,,,,,,,,,,,,,,,,,,,,,,,,,,,,,,,,,,,,,,,,,,,,,,,,,,,,,,,,
Sales,UAS_32,,Default,,,,,"Business Development (PSI.BD),Inside Sales (PSI.BD.IS),Marketing (PSI.BD.MKT),Sales (PSI.BD.S),Operations (PSI.O),Sales (PSI.O.S),Operations (TPL.O),Sales (TPL.BD.S),Business Development (IWSPL.BD),Inside Sales (IWSPL.BD.IS),Company Director (PSI.C.CD),Operations Center Head- Mumbai  (PSI.O.OCHM)",,,,,,,,,,,,,,,,,,,,,,,,,,,,,,,,,,,,,,,,,,,,,,,,,,,,,,,,,,,,,,,,,,,,,,,,,,,,,,,,,,,,,,,,,,,,,,,,,,,,,,,,,,,,,,,,,,,,,,,,,,,,,,,,,,,,,,,,,,,,,,,,,,,,,,,,,
"Women Employees",UAS_33,,Default,,,,,,,,,,,,,,,,,,,,,Female,,,,,,,,,,,,,,,,,,,,,,,,,,,,,,,,,,,,,,,,,,,,,,,,,,,,,,,,,,,,,,,,,,,,,,,,,,,,,,,,,,,,,,,,,,,,,,,,,,,,,,,,,,,,,,,,,,,,,,,,,,,,,,,,,,,,,,,,,
Labcorp,UAS_34,,Default,,,,,,,,,,"Brigade Peenya Bengaluru  (IWSPL.BBK),Q City Hyderabad  (IWSPL.QHT),Brigade Peenya Bengaluru  (PSI.BBK),Malad Mindspace Mumbai  (PSI.ETMI),Metropolis- Whitefield Bengaluru  (PSI.WFBK),Q City Hyderabad  (PSI.QHT),Brigade Peenya Bengaluru  (TPL.BBK),Malad Mindspace Mumbai  (TPL.ETMI),Metropolis- Whitefield Bengaluru  (TPL.WFBK),Q City Hyderabad  (TPL.QHT)",,,,,,,,,,Labcorp,,,,,,,,,,,,,,,,,,,,,,,,,,,,,,,,,,,,,,,,,,,,,,,,,,,,,,,,,,,,,,,,,,,,,,,,,,,,,,,,,,,,,,,,,,,,,,,,,,,,,,,,,,,,,,,,,,,,,,,,,,,,,,,,,,,,,,,,,,
"Mumbai Holiday",UAS_35,,Default,,,,,,,,,,"Malad Mindspace Mumbai  (PSI.ETMI),Malad Mindspace Mumbai  (TPL.ETMI)",,,,,,,,,,"Ciena,Evertz,Geico,HP,Intellect,Medstar,Medtronic,PrimeSoft,PrimeSquare,Prove,Saffron Square,Talent Acquisition,Teradici,Teradici GSS,Unassigned,WellDoc,Zafin,Elekta,Igenero,Inside Sales,Mumbai BD Team,Saffron Pay,Former Project,HP GSS,HP LLS,Training,IT,Capri Global,PSI_Zivra,PSI.Aberdeen,PSI.SMFG,PSI.Aberdeen-Patterson,PSI.Aberdeen-Hanger,PSI.StrategyCorps,PSI.PS-AI,PSI.Qualnetics,PSI.Mobilize",,,,,,,,,,,,,,,,,,,,,,,,,,,,,,,,,,,,,,,,,,,,,,,,,,,,,,,,,,,,,,,,,,,,,,,,,,,,,,,,,,,,,,,,,,,,,,,,,,,,,,,,,,,,,,,,,,,,,,,,,,,,,,,,,,,,,,,,,,
"Bengaluru Holiday",UAS_36,,Default,,,,,,,,,,"Brigade Peenya Bengaluru  (IWSPL.BBK),Brigade Peenya Bengaluru  (PSI.BBK),Metropolis- Whitefield Bengaluru  (PSI.WFBK),Brigade Peenya Bengaluru  (TPL.BBK),Metropolis- Whitefield Bengaluru  (TPL.WFBK)",,,,,,,,,,"Ciena,Evertz,Geico,HP,Intellect,Medstar,Medtronic,PrimeSoft,PrimeSquare,Prove,Saffron Square,Talent Acquisition,Teradici,Teradici GSS,Unassigned,WellDoc,Zafin,Elekta,Igenero,Inside Sales,Mumbai BD Team,Saffron Pay,Former Project,HP GSS,HP LLS,Training,IT,Capri Global,PSI_Zivra,PSI.Aberdeen,PSI.SMFG,PSI.Aberdeen-Patterson,PSI.Aberdeen-Hanger,PSI.StrategyCorps,PSI.PS-AI,PSI.Qualnetics,PSI.Mobilize",,,,,,,,,,,,,,,,,,,,,,,,,,,,,,,,,,,,,,,,,,,,,,,,,,,,,,,,,,,,,,,,,,,,,,,,,,,,,,,,,,,,,,,,,,,,,,,,,,,,,,,,,,,,,,,,,,,,,,,,,,,,,,,,,,,,,,,,,,
"Hyderabad- Holiday",UAS_37,,Default,,,,,,,,,,"Prestige Sky Tech Hyderabad  (PSI.PST.Hyd)",,,,,,,,,,"Ciena,Evertz,Geico,HP,Intellect,Medstar,Medtronic,PrimeSoft,PrimeSquare,Prove,Saffron Square,Talent Acquisition,Teradici,Teradici GSS,Unassigned,WellDoc,Zafin,Elekta,Igenero,Inside Sales,Mumbai BD Team,Saffron Pay,HP GSS,HP LLS,Training,IT,Capri Global,PSI_Zivra,PSI.Aberdeen,PSI.SMFG,PSI.Aberdeen-Patterson,PSI.Aberdeen-Hanger,PSI.StrategyCorps,PSI.PS-AI,PSI.Qualnetics,PSI.Mobilize",,,,,,,,,,,,,,,,,,,,,,,,,,,,,,,,,,,,,,,,,,,,,,,,,,,,,,,,,,,,,,,,,,,,,,,,,,,,,,,,,,,,,,,,,,,,,,,,,,,,,,,,,,,,,,,,,,,,,,,,,,,,,,,,,,,,,,,,,,
"QAE Signoff",UAS_38,,Default,,,,,"Digital (PSI.D),Content (PSI.D.C),Marketing (PSI.D.MKT),SEO (PSI.D.SEO),UX (PSI.D.UX),Product Management (PSI.PRDM),Business Analysis (PSI.PRDM.BA),Documentation (PSI.PRDM.D),Program Manager (PSI.C.PM),Project Management (PSI.C.PJM),Director Technology and Services (PSI.C.PJM.DTS),Project Manager (PSI.C.PJM.PM),VP Development (PSI.VP.DEV),Creative Designer (PSI.D.UX.),Design (PSI.DG),UI/UX (PSI.DG.UI/UX),UX (PSI.DG.UX),Development (PSI.DEV),Back End (PSI.DEV.BE),DBA (PSI.DEV.DBA),Front End (PSI.DEV.FE),Full Stack (PSI.DEV.FS),Mobile (PSI.DEV.MOB),Mobile Android (PSI.DEV.MA),Mobile IOS (PSI.DEV.MIOS),Networking and Telecom (PSI.DEV.NAT),Quality (PSI.DEV.Q),Audit (PSI.DEV.Q.A),VP QA & Devops (PSI.VP.QA&DO),DevOps and Support (PSI.DAS),Application and Infra Support (PSI.DAS.AAIS),Core DevOps (PSI.DAS.CDO),FinOps (PSI.DAS.FO),Quality Assurance (PSI.QA),Application Support (PSI.QA.AS),VOIP Support (PSI.QA.AS.VOIPS),Automation (PSI.QA.ATT),Automation Testing (PSI.QA.AT),Manual Testing (PSI.QA.MT),Mobile Testing (PSI.QA.MOBT),Networking and Telecom (PSI.QA.NAT),Development (TPL.DEV),Back End (TPL.DEV.BE),DBA (TPL.DEV.DBA),Front end (TPL.DEV.FE),Full Stack (TPL.DEV.FS),Digital (TPL.D),Marketing (TPL.D.MKT),Project Coordinator (TPL.PC),Coordinator (TPL.PC.CD),Project Management (TPL.PM),Business Analysis (TPL.PM.BA),Project Manager (TPL.PM.PMO),Quality Assurance (TPL.QA),Automation Testing (TPL.QA.AT),Manual Testing (TPL.QA.MT),ERP (IWSPL.DEV.ERP)",,,,,,,,,,,,,,,,,,,,,,,,,,,,,,,,,,,,,,,,,,,,,,,,,,,,,,,,,,,,,,,,,,,,,,,,,,,,,,,,,,,,,,,,,,,,,,,,,,,,,,,,,,,,,,,,,,,,,,,,,,,,,,,,,,,,,,,,,,,,,,,,,,,,,,,,,
IndusInd,UAS_39,,Default,,,,,,,,,,"Brigade Peenya Bengaluru  (IWSPL.BBK),Brigade Peenya Bengaluru  (PSI.BBK),Brigade Peenya Bengaluru  (TPL.BBK),Malad Mindspace Mumbai  (PSI.ETMI),Malad Mindspace Mumbai  (TPL.ETMI),Metropolis- Whitefield Bengaluru  (PSI.WFBK),Metropolis- Whitefield Bengaluru  (TPL.WFBK),Prestige Sky Tech Hyderabad  (PSI.PST.Hyd)",,,,,,,,,,IndusInd,,,,,,,,,,,,,,,,,,,,,,,,,,,,,,,,,,,,,,,,,,,,,,,,,,,,,,,,,,,,,,,,,,,,,,,,,,,,,,,,,,,,,,,,,,,,,,,,,,,,,,,,,,,,,,,,,,,,,,,,,,,,,,,,,,,,,,,,,,
"3 Months Notice Period",UAS_40,,Default,,,,,,,,,,,,,,"3 Months (3 Months)",,,,,,,,,,,,,,,,,,,,,,,,,,,,,,,,,,,,,,,,,,,,,,,,,,,,,,,,,,,,,,,,,,,,,,,,,,,,,,,,,,,,,,,,,,,,,,,,,,,,,,,,,,,,,,,,,,,,,,,,,,,,,,,,,,,,,,,,,,,,,,,,
"2 Month Notice Period",UAS_41,,Default,,,,,,,,,,,,,,"2 Months (2 Months)",,,,,,,,,,,,,,,,,,,,,,,,,,,,,,,,,,,,,,,,,,,,,,,,,,,,,,,,,,,,,,,,,,,,,,,,,,,,,,,,,,,,,,,,,,,,,,,,,,,,,,,,,,,,,,,,,,,,,,,,,,,,,,,,,,,,,,,,,,,,,,,,
"Senior Manager JR",UAS_42,,Default,,,,,,,,,,,,"Senior Lead (SL),Senior Manager (SM),Senior Management (SRM),Manager (M)",,,,,,,,,,,,,,,,,,,,,,,,,,,,,,,,,,,,,,,,,,,,,,,,,,,,,,,,,,,,,,,,,,,,,,,,,,,,,,,,,,,,,,,,,,,,,,,,,,,,,,,,,,,,,,,,,,,,,,,,,,,,,,,,,,,,,,,,,,,,,,,,,,
"1 Month Notice Period",UAS_43,,Default,,,,,,,,,,,,,,"1 Month (1 Month)",,,,,,,,,,,,,,,,,,,,,,,,,,,,,,,,,,,,,,,,,,,,,,,,,,,,,,,,,,,,,,,,,,,,,,,,,,,,,,,,,,,,,,,,,,,,,,,,,,,,,,,,,,,,,,,,,,,,,,,,,,,,,,,,,,,,,,,,,,,,,,,,
"15 Days Notice Period",UAS_44,,Default,,,,,,,,,,,,,,"15 Days (15 Days)",,,,,,,,,,,,,,,,,,,,,,,,,,,,,,,,,,,,,,,,,,,,,,,,,,,,,,,,,,,,,,,,,,,,,,,,,,,,,,,,,,,,,,,,,,,,,,,,,,,,,,,,,,,,,,,,,,,,,,,,,,,,,,,,,,,,,,,,,,,,,,,,
"6 Months Notice Period",UAS_45,,Default,,,,,,,,,,,,,,"6 Months (6 Months)",,,,,,,,,,,,,,,,,,,,,,,,,,,,,,,,,,,,,,,,,,,,,,,,,,,,,,,,,,,,,,,,,,,,,,,,,,,,,,,,,,,,,,,,,,,,,,,,,,,,,,,,,,,,,,,,,,,,,,,,,,,,,,,,,,,,,,,,,,,,,,,,
"[REDACTED]' Payroll",UAS_46,"[REDACTED]'s access to Payroll",Default,,,,,,,,,,,,"Associate (A),Intern (I),Lead (L),Individual Contributor (IC)","Staffing (Staffing)",,,,,,,,,,,,,,,,,,,,,,,,,,,,,,,,,,,,Yes,Yes,,,,,,,,,,,,,,,,,,,,,,,,,,,,,,,,,,,,,,,,,,,,,,,,,,,,,,,,,,,,,,,,,,,,,,,,,,,,,,,,,,,,,,,,,,,,,,,,,,,,,,,,,,,,
"Core Admins Permission Restriction",,,Default,,,,,"Design (IWSPL.DG),UI/UX (IWSPL.DG.UI/UX),UX (IWSPL.DG.UX),Development (IWSPL.DEV),Back End (IWSPL.DEV.BE),Front End (IWSPL.DEV.FE),Database Support (PSI.C.DS),Application Support (PSI.C.DS.AS),Business Analysis (PSI.PRDM.BA),Design (PSI.DG),UI/UX (PSI.DG.UI/UX),UX (PSI.DG.UX),Development (PSI.DEV),Back End (PSI.DEV.BE),DBA (PSI.DEV.DBA),ERP (IWSPL.DEV.ERP),Front End (PSI.DEV.FE),Full Stack (PSI.DEV.FS),Mobile (PSI.DEV.MOB),Mobile Android (PSI.DEV.MA),Mobile IOS (PSI.DEV.MIOS),Networking and Telecom (PSI.DEV.NAT),Quality (PSI.DEV.Q),Audit (PSI.DEV.Q.A),DevOps and Support (PSI.DAS),Application and Infra Support (PSI.DAS.AAIS),Core DevOps (PSI.DAS.CDO),FinOps (PSI.DAS.FO),Quality Assurance (PSI.QA),Application Support (PSI.QA.AS),VOIP Support (PSI.QA.AS.VOIPS),Automation (PSI.QA.ATT),Automation Testing (PSI.QA.AT),Manual Testing (PSI.QA.MT),Mobile Testing (PSI.QA.MOBT),Networking and Telecom (PSI.QA.NAT),Database Support (TPL.DS),Application Support (TPL.DS.AS),Support (TPL.DS.SUPP),DevOps and Support (TPL.DAS),Core DevOps (TPL.DAS.CDO),Development (TPL.DEV),Back End (TPL.DEV.BE),DBA (TPL.DEV.DBA),Front end (TPL.DEV.FE),Full Stack (TPL.DEV.FS),Quality Assurance (TPL.QA),Automation Testing (TPL.QA.AT),Manual Testing (TPL.QA.MT)",,,,,"Brigade Peenya Bengaluru  (PSI.BBK),Malad Mindspace Mumbai  (PSI.ETMI),Metropolis- Whitefield Bengaluru  (PSI.WFBK),Prestige Sky Tech Hyderabad  (PSI.PST.Hyd)",,"Lead (L),Individual Contributor (IC)",,,,,,,,,,,,,,,,,,,,,,,,,,,,,,,,,,,,,,,,,,,,,,,,,,,,,,,,,,,,,,,,,,,,,,,,,,,,,,,,,,,,,,,,,,,,,,,,,,,,,,,,,,,,,,,,,,,,,,,,,,,,,,,,,,,,,,,,,,,,,,,,,,
"Merit Planning - [REDACTED]",,,Default,,,,,"Design (IWSPL.DG),UI/UX (IWSPL.DG.UI/UX),UX (IWSPL.DG.UX),Development (IWSPL.DEV),Back End (IWSPL.DEV.BE),Front End (IWSPL.DEV.FE),Database Support (PSI.C.DS),Application Support (PSI.C.DS.AS),Business Analysis (PSI.PRDM.BA),Design (PSI.DG),UI/UX (PSI.DG.UI/UX),UX (PSI.DG.UX),Development (PSI.DEV),Back End (PSI.DEV.BE),DBA (PSI.DEV.DBA),Front End (PSI.DEV.FE),Full Stack (PSI.DEV.FS),Mobile (PSI.DEV.MOB),Mobile Android (PSI.DEV.MA),Mobile IOS (PSI.DEV.MIOS),Networking and Telecom (PSI.DEV.NAT),Quality (PSI.DEV.Q),Audit (PSI.DEV.Q.A),DevOps and Support (PSI.DAS),Application and Infra Support (PSI.DAS.AAIS),Core DevOps (PSI.DAS.CDO),FinOps (PSI.DAS.FO),Quality Assurance (PSI.QA),Application Support (PSI.QA.AS),VOIP Support (PSI.QA.AS.VOIPS),Automation (PSI.QA.ATT),Automation Testing (PSI.QA.AT),Manual Testing (PSI.QA.MT),Mobile Testing (PSI.QA.MOBT),Networking and Telecom (PSI.QA.NAT),Database Support (TPL.DS),Application Support (TPL.DS.AS),Support (TPL.DS.SUPP),DevOps and Support (TPL.DAS),Core DevOps (TPL.DAS.CDO),Development (TPL.DEV),Back End (TPL.DEV.BE),DBA (TPL.DEV.DBA),Front end (TPL.DEV.FE),Full Stack (TPL.DEV.FS),Project Coordinator (TPL.PC),Coordinator (TPL.PC.CD),Quality Assurance (TPL.QA),Automation Testing (TPL.QA.AT),Manual Testing (TPL.QA.MT),ERP (IWSPL.DEV.ERP)",,,,,"Malad Mindspace Mumbai  (PSI.ETMI)",,"Associate (A),Intern (I),Lead (L),Individual Contributor (IC)","Staffing (Staffing)",,,,,,,,,,,,,,,,,,,,,,,,,,,,,,,,,,,,,,,,,,,,,,,,,,,,,,,,,,,,,,,,,,,,,,,,,,,,,,,,,,,,,,,,,,,,,,,,,,,,,,,,,,,,,,,,,,,,,,,,,,,,,,,,,,,,,,,,,,,,,,,,,
"Staffing employees",,,Default,,,,,,,,,,,,,"Staffing (Staffing)",,,,,,,,,,,,,,,,,,,,,,,,,,,,,,,,,,,,,,,,,,,,,,,,,,,,,,,,,,,,,,,,,,,,,,,,,,,,,,,,,,,,,,,,,,,,,,,,,,,,,,,,,,,,,,,,,,,,,,,,,,,,,,,,,,,,,,,,,,,,,,,,,
"Offer Approval, Performance - [REDACTED] & [REDACTED]",,,Default,,,,,"Digital (PSI.D),Content (PSI.D.C),Marketing (PSI.D.MKT),SEO (PSI.D.SEO),UX (PSI.D.UX),IT (PSI.IT),Networking and Hardware Support (PSI.IT.NAHS),Networking and Support (PSI.IT.NAS),Business Analysis (PSI.PRDM.BA),Documentation (PSI.PRDM.D),Business Development (PSI.BD),Inside Sales (PSI.BD.IS),Marketing (PSI.BD.MKT),Design (PSI.DG),UI/UX (PSI.DG.UI/UX),UX (PSI.DG.UX),Development (PSI.DEV),Back End (PSI.DEV.BE),DBA (PSI.DEV.DBA),Front End (PSI.DEV.FE),Full Stack (PSI.DEV.FS),Mobile (PSI.DEV.MOB),Mobile Android (PSI.DEV.MA),Mobile IOS (PSI.DEV.MIOS),Networking and Telecom (PSI.DEV.NAT),Quality (PSI.DEV.Q),Audit (PSI.DEV.Q.A),VP QA & Devops (PSI.VP.QA&DO),DevOps and Support (PSI.DAS),Application and Infra Support (PSI.DAS.AAIS),Core DevOps (PSI.DAS.CDO),FinOps (PSI.DAS.FO),Quality Assurance (PSI.QA),Application Support (PSI.QA.AS),VOIP Support (PSI.QA.AS.VOIPS),Automation (PSI.QA.ATT),Automation Testing (PSI.QA.AT),Manual Testing (PSI.QA.MT),Mobile Testing (PSI.QA.MOBT),Networking and Telecom (PSI.QA.NAT),ERP (IWSPL.DEV.ERP)",,,,,,,"Associate (A),Lead (L),Individual Contributor (IC)",,,,,,,,,,,,,,,,,,,,,,,,,,,,,,,,,,,,,,,,,,,,,,,,,,,,,,,,,,,,,,,,,,,,,,,,,,,,,,,,,,,,,,,,,,,,,,,,,,,,,,,,,,,,,,,,,,,,,,,,,,,,,,,,,,,,,,,,,,,,,,,,,,
"Requisition permission1 for [REDACTED]",,,Default,,,,,"Business Development (IWSPL.BD),Inside Sales (IWSPL.BD.IS),Design (IWSPL.DG),UI/UX (IWSPL.DG.UI/UX),UX (IWSPL.DG.UX),Development (IWSPL.DEV),Back End (IWSPL.DEV.BE),Front End (IWSPL.DEV.FE),Digital (IWSPL.D),Content (IWSPL.D.C),Marketing (IWSPL.D.MKT),Operations (IWSPL.D.O),SEO (IWSPL.D.SEO),CEO (PSI.C),Adminstration (PSI.A),Bengaluru Admin (PSI.A.BA),Hyderabad Admin (PSI.A.HA),Co Founder-EVP (PSI.BD.CFEVP),Company Director (PSI.C.CD),Database Support (PSI.C.DS),Application Support (PSI.C.DS.AS),Digital (PSI.D),Content (PSI.D.C),Marketing (PSI.D.MKT),SEO (PSI.D.SEO),UX (PSI.D.UX),IT (PSI.IT),Networking and Hardware Support (PSI.IT.NAHS),Networking and Support (PSI.IT.NAS),Legal (PSI.C.L),Operations (PSI.O),Operations Center Head- Mumbai  (PSI.O.OCHM),Sales (PSI.O.S),Product Management (PSI.PRDM),Business Analysis (PSI.PRDM.BA),Program Manager (PSI.C.PM),Project Management (PSI.C.PJM),Director Technology and Services (PSI.C.PJM.DTS),Project Manager (PSI.C.PJM.PM),Senior Director HR (PSI.C.SDHR),Human Resources (PSI.HR),HR (PSI.HR.HR),Talent Acquisition (PSI.HR.TA),Training and Development (PSI.TAD),VP (PSI.VP.SALES),Business Development (PSI.BD),Inside Sales (PSI.BD.IS),Marketing (PSI.BD.MKT),Sales (PSI.BD.S),VP Development (PSI.VP.DEV),Creative Designer (PSI.D.UX.),Design (PSI.DG),UI/UX (PSI.DG.UI/UX),UX (PSI.DG.UX),Development (PSI.DEV),Back End (PSI.DEV.BE),DBA (PSI.DEV.DBA),Front End (PSI.DEV.FE),Full Stack (PSI.DEV.FS),Mobile (PSI.DEV.MOB),Mobile Android (PSI.DEV.MA),Mobile IOS (PSI.DEV.MIOS),Networking and Telecom (PSI.DEV.NAT),Quality (PSI.DEV.Q),Audit (PSI.DEV.Q.A),VP QA & Devops (PSI.VP.QA&DO),DevOps and Support (PSI.DAS),Application and Infra Support (PSI.DAS.AAIS),Core DevOps (PSI.DAS.CDO),FinOps (PSI.DAS.FO),Quality Assurance (PSI.QA),Application Support (PSI.QA.AS),VOIP Support (PSI.QA.AS.VOIPS),Automation (PSI.QA.ATT),Automation Testing (PSI.QA.AT),Manual Testing (PSI.QA.MT),Mobile Testing (PSI.QA.MOBT),Networking and Telecom (PSI.QA.NAT),CEO (TPL.C),Adminstration (TPL.A),Admin (TPL.AD.AD),Mumbai Admin (TPL.A.MAD),Business Development (TPL.BD),Database Support (TPL.DS),Application Support (TPL.DS.AS),Support (TPL.DS.SUPP),DevOps and Support (TPL.DAS),Core DevOps (TPL.DAS.CDO),Development (TPL.DEV),Back End (TPL.DEV.BE),DBA (TPL.DEV.DBA),Front end (TPL.DEV.FE),Full Stack (TPL.DEV.FS),Digital (TPL.D),Marketing (TPL.D.MKT),Executive Lead Generation (TPL.BD.IS),Finance (TPL.F),Accounts (TPL.F.ACC),IT (TPL.IT),Networking and Hardware Support (TPL.IT.NAHS),Lead Mobility (TPL.DEV.MOB),Manager Business Development (TPL.BD.SS),Operations (TPL.O),Sales (TPL.BD.S),Operations Head (TPL.OH),Project Coordinator (TPL.PC),Coordinator (TPL.PC.CD),Project Management (TPL.PM),Business Analysis (TPL.PM.BA),Project Manager (TPL.PM.PMO),Quality Assurance (TPL.QA),Automation Testing (TPL.QA.AT),Manual Testing (TPL.QA.MT),Support Office (TPL.A.OB),Documentation (PSI.PRDM.D),ERP (IWSPL.DEV.ERP)",,,,,,,"Senior Lead (SL),Associate (A),Intern (I),Manager (M),Lead (L),Individual Contributor (IC)",,,,,,,,,,,,,,,,,,,,,,,,,,,,,,,,,,,,,,,,,,,,,,,,,,,,,,,,,,,,,,,,,,,,,,,,,,,,,,,,,,,,,,,,,,,,,,,,,,,,,,,,,,,,,,,,,,,,,,,,,,,,,,,,,,,,,,,,,,,,,,,,,,
"Mumbai All",,,Default,,,,,,,,,,"Malad Mindspace Mumbai  (PSI.ETMI),Malad Mindspace Mumbai  (TPL.ETMI)",,,,,,,,,,,,,,,,,,,,,,,,,,,,,,,,,,,,,,,,,,,,,,,,,,,,,,,,,,,,,,,,,,,,,,,,,,,,,,,,,,,,,,,,,,,,,,,,,,,,,,,,,,,,,,,,,,,,,,,,,,,,,,,,,,,,,,,,,,,,,,,,,,,,
"Hyderabad All",,,Default,,,,,,,,,,"Prestige Sky Tech Hyderabad  (PSI.PST.Hyd)",,,,,,,,,,,,,,,,,,,,,,,,,,,,,,,,,,,,,,,,,,,,,,,,,,,,,,,,,,,,,,,,,,,,,,,,,,,,,,,,,,,,,,,,,,,,,,,,,,,,,,,,,,,,,,,,,,,,,,,,,,,,,,,,,,,,,,,,,,,,,,,,,,,,
"Bengaluru All",,,Default,,,,,,,,,,"Brigade Peenya Bengaluru  (IWSPL.BBK),Brigade Peenya Bengaluru  (PSI.BBK),Metropolis- Whitefield Bengaluru  (PSI.WFBK),Brigade Peenya Bengaluru  (TPL.BBK),Metropolis- Whitefield Bengaluru  (TPL.WFBK)",,,,,,,,,,,,,,,,,,,,,,,,,,,,,,,,,,,,,,,,,,,,,,,,,,,,,,,,,,,,,,,,,,,,,,,,,,,,,,,,,,,,,,,,,,,,,,,,,,,,,,,,,,,,,,,,,,,,,,,,,,,,,,,,,,,,,,,,,,,,,,,,,,,,
"Recruiter View Access",,,Default,,,,,"Digital (PSI.D),Content (PSI.D.C),Marketing (PSI.D.MKT),SEO (PSI.D.SEO),UX (PSI.D.UX),IT (PSI.IT),Networking and Hardware Support (PSI.IT.NAHS),Networking and Support (PSI.IT.NAS),Product Management (PSI.PRDM),Business Analysis (PSI.PRDM.BA),Business Development (PSI.BD),Inside Sales (PSI.BD.IS),Marketing (PSI.BD.MKT),Sales (PSI.BD.S),Design (PSI.DG),UI/UX (PSI.DG.UI/UX),UX (PSI.DG.UX),Development (PSI.DEV),Back End (PSI.DEV.BE),DBA (PSI.DEV.DBA),Front End (PSI.DEV.FE),Full Stack (PSI.DEV.FS),Mobile (PSI.DEV.MOB),Mobile Android (PSI.DEV.MA),Mobile IOS (PSI.DEV.MIOS),Networking and Telecom (PSI.DEV.NAT),Quality (PSI.DEV.Q),Audit (PSI.DEV.Q.A),DevOps and Support (PSI.DAS),Application and Infra Support (PSI.DAS.AAIS),Core DevOps (PSI.DAS.CDO),FinOps (PSI.DAS.FO),Quality Assurance (PSI.QA),Application Support (PSI.QA.AS),VOIP Support (PSI.QA.AS.VOIPS),Automation (PSI.QA.ATT),Automation Testing (PSI.QA.AT),Manual Testing (PSI.QA.MT),Mobile Testing (PSI.QA.MOBT),Networking and Telecom (PSI.QA.NAT),Documentation (PSI.PRDM.D),ERP (IWSPL.DEV.ERP)",,,,,,,"Senior Lead (SL),Associate (A),Intern (I),Manager (M),Lead (L),Individual Contributor (IC)",,,,,,,,,,,,,,,,,,,,,,,,,,,,,,,,,,,,,,,,,,,,,,,,,,,,,,,,,,,,,,,,,,,,,,,,,,,,,,,,,,,,,,,,,,,,,,,,,,,,,,,,,,,,,,,,,,,,,,,,,,,,,,,,,,,,,,,,,,,,,,,,,,
"[REDACTED] Recruitment Permission",,,Default,,,,,"Business Development (IWSPL.BD),Inside Sales (IWSPL.BD.IS),Design (IWSPL.DG),UI/UX (IWSPL.DG.UI/UX),UX (IWSPL.DG.UX),Development (IWSPL.DEV),Back End (IWSPL.DEV.BE),Front End (IWSPL.DEV.FE),Digital (IWSPL.D),Content (IWSPL.D.C),Marketing (IWSPL.D.MKT),Operations (IWSPL.D.O),SEO (IWSPL.D.SEO),Adminstration (PSI.A),Bengaluru Admin (PSI.A.BA),Hyderabad Admin (PSI.A.HA),Database Support (PSI.C.DS),Application Support (PSI.C.DS.AS),Digital (PSI.D),Content (PSI.D.C),Marketing (PSI.D.MKT),SEO (PSI.D.SEO),UX (PSI.D.UX),IT (PSI.IT),Networking and Hardware Support (PSI.IT.NAHS),Networking and Support (PSI.IT.NAS),Product Management (PSI.PRDM),Business Analysis (PSI.PRDM.BA),Documentation (PSI.PRDM.D),Program Manager (PSI.C.PM),Project Management (PSI.C.PJM),Project Manager (PSI.C.PJM.PM),Business Development (PSI.BD),Inside Sales (PSI.BD.IS),Marketing (PSI.BD.MKT),Sales (PSI.BD.S),Creative Designer (PSI.D.UX.),Design (PSI.DG),UI/UX (PSI.DG.UI/UX),UX (PSI.DG.UX),Development (PSI.DEV),Back End (PSI.DEV.BE),DBA (PSI.DEV.DBA),Front End (PSI.DEV.FE),Full Stack (PSI.DEV.FS),Mobile (PSI.DEV.MOB),Mobile Android (PSI.DEV.MA),Mobile IOS (PSI.DEV.MIOS),Networking and Telecom (PSI.DEV.NAT),Quality (PSI.DEV.Q),Audit (PSI.DEV.Q.A),DevOps and Support (PSI.DAS),Application and Infra Support (PSI.DAS.AAIS),Core DevOps (PSI.DAS.CDO),FinOps (PSI.DAS.FO),Quality Assurance (PSI.QA),Application Support (PSI.QA.AS),VOIP Support (PSI.QA.AS.VOIPS),Automation (PSI.QA.ATT),Automation Testing (PSI.QA.AT),Manual Testing (PSI.QA.MT),Mobile Testing (PSI.QA.MOBT),Networking and Telecom (PSI.QA.NAT),Adminstration (TPL.A),Admin (TPL.AD.AD),Mumbai Admin (TPL.A.MAD),Business Development (TPL.BD),Database Support (TPL.DS),Application Support (TPL.DS.AS),Support (TPL.DS.SUPP),DevOps and Support (TPL.DAS),Core DevOps (TPL.DAS.CDO),Development (TPL.DEV),Back End (TPL.DEV.BE),DBA (TPL.DEV.DBA),Front end (TPL.DEV.FE),Full Stack (TPL.DEV.FS),Digital (TPL.D),Marketing (TPL.D.MKT),Executive Lead Generation (TPL.BD.IS),IT (TPL.IT),Networking and Hardware Support (TPL.IT.NAHS),Lead Mobility (TPL.DEV.MOB),Manager Business Development (TPL.BD.SS),Project Coordinator (TPL.PC),Coordinator (TPL.PC.CD),Project Management (TPL.PM),Business Analysis (TPL.PM.BA),Project Manager (TPL.PM.PMO),Quality Assurance (TPL.QA),Automation Testing (TPL.QA.AT),Manual Testing (TPL.QA.MT),Support Office (TPL.A.OB),ERP (IWSPL.DEV.ERP)",,,,,,,"Associate (A),Intern (I),Lead (L),Individual Contributor (IC)",,,,,,,,,,,,,,,,,,,,,,,,,,,,,,,,,,,,,,,,,,,,,,,,,,,,,,,,,,,,,,,,,,,,,,,,,,,,,,,,,,,,,,,,,,,,,,,,,,,,,,,,,,,,,,,,,,,,,,,,,,,,,,,,,,,,,,,,,,,,,,,,,,
"Compensation View [REDACTED]",,,Default,,,,,"Design (IWSPL.DG),UI/UX (IWSPL.DG.UI/UX),UX (IWSPL.DG.UX),Development (IWSPL.DEV),Back End (IWSPL.DEV.BE),Front End (IWSPL.DEV.FE),CEO (TPL.C),Database Support (TPL.DS),Application Support (TPL.DS.AS),Support (TPL.DS.SUPP),DevOps and Support (TPL.DAS),Core DevOps (TPL.DAS.CDO),Development (TPL.DEV),Back End (TPL.DEV.BE),DBA (TPL.DEV.DBA),Front end (TPL.DEV.FE),Full Stack (TPL.DEV.FS),Digital (TPL.D),Marketing (TPL.D.MKT),Executive Lead Generation (TPL.BD.IS),Finance (TPL.F),Accounts (TPL.F.ACC),Lead Mobility (TPL.DEV.MOB),Project Coordinator (TPL.PC),Coordinator (TPL.PC.CD),Project Management (TPL.PM),Business Analysis (TPL.PM.BA),Project Manager (TPL.PM.PMO),Quality Assurance (TPL.QA),Automation Testing (TPL.QA.AT),Manual Testing (TPL.QA.MT),Support Office (TPL.A.OB)",,,,,,,"Associate (A),Intern (I),Manager (M),Lead (L),Individual Contributor (IC)","Staffing (Staffing)",,,,,,,,,,,,,,,,,,,,,,,,,,,,,,,,,,,,,,,,,,,,,,,,,,,,,,,,,,,,,,,,,,,,,,,,,,,,,,,,,,,,,,,,,,,,,,,,,,,,,,,,,,,,,,,,,,,,,,,,,,,,,,,,,,,,,,,,,,,,,,,,,
"[REDACTED] recruitment permission",,,Default,,,,,"Business Development (IWSPL.BD),Inside Sales (IWSPL.BD.IS),Design (IWSPL.DG),UI/UX (IWSPL.DG.UI/UX),UX (IWSPL.DG.UX),Development (IWSPL.DEV),Back End (IWSPL.DEV.BE),Front End (IWSPL.DEV.FE),Digital (IWSPL.D),Content (IWSPL.D.C),Marketing (IWSPL.D.MKT),Operations (IWSPL.D.O),SEO (IWSPL.D.SEO),Database Support (PSI.C.DS),Application Support (PSI.C.DS.AS),Digital (PSI.D),Content (PSI.D.C),Marketing (PSI.D.MKT),SEO (PSI.D.SEO),UX (PSI.D.UX),Creative Designer (PSI.D.UX.),Design (PSI.DG),UI/UX (PSI.DG.UI/UX),UX (PSI.DG.UX),Development (PSI.DEV),Back End (PSI.DEV.BE),DBA (PSI.DEV.DBA),ERP (IWSPL.DEV.ERP),Front End (PSI.DEV.FE),Full Stack (PSI.DEV.FS),Mobile (PSI.DEV.MOB),Mobile Android (PSI.DEV.MA),Mobile IOS (PSI.DEV.MIOS),Networking and Telecom (PSI.DEV.NAT),Quality (PSI.DEV.Q),Audit (PSI.DEV.Q.A),DevOps and Support (PSI.DAS),Application and Infra Support (PSI.DAS.AAIS),Core DevOps (PSI.DAS.CDO),FinOps (PSI.DAS.FO),Quality Assurance (PSI.QA),Application Support (PSI.QA.AS),VOIP Support (PSI.QA.AS.VOIPS),Automation (PSI.QA.ATT),Automation Testing (PSI.QA.AT),Manual Testing (PSI.QA.MT),Mobile Testing (PSI.QA.MOBT),Networking and Telecom (PSI.QA.NAT),CEO (TPL.C),Adminstration (TPL.A),Admin (TPL.AD.AD),Mumbai Admin (TPL.A.MAD),Business Development (TPL.BD),Database Support (TPL.DS),Application Support (TPL.DS.AS),Support (TPL.DS.SUPP),DevOps and Support (TPL.DAS),Core DevOps (TPL.DAS.CDO),Development (TPL.DEV),Back End (TPL.DEV.BE),DBA (TPL.DEV.DBA),Front end (TPL.DEV.FE),Full Stack (TPL.DEV.FS),Digital (TPL.D),Marketing (TPL.D.MKT),Executive Lead Generation (TPL.BD.IS),IT (TPL.IT),Networking and Hardware Support (TPL.IT.NAHS),Lead Mobility (TPL.DEV.MOB),Manager Business Development (TPL.BD.SS),Operations (TPL.O),Sales (TPL.BD.S),Operations Head (TPL.OH),Project Coordinator (TPL.PC),Coordinator (TPL.PC.CD),Project Management (TPL.PM),Business Analysis (TPL.PM.BA),Project Manager (TPL.PM.PMO),Quality Assurance (TPL.QA),Automation Testing (TPL.QA.AT),Manual Testing (TPL.QA.MT),Support Office (TPL.A.OB)",,,,,,,"Associate (A),Intern (I),Lead (L),Individual Contributor (IC)",,,,,,,,,,,,,,,,,,,,,,,,,,,,,,,,,,,,,,,,,,,,,,,,,,,,,,,,,,,,,,,,,,,,,,,,,,,,,,,,,,,,,,,,,,,,,,,,,,,,,,,,,,,,,,,,,,,,,,,,,,,,,,,,,,,,,,,,,,,,,,,,,,
"[REDACTED] PMS Permission",,,Default,,,,,"Design (IWSPL.DG),UI/UX (IWSPL.DG.UI/UX),UX (IWSPL.DG.UX),Development (IWSPL.DEV),Back End (IWSPL.DEV.BE),Front End (IWSPL.DEV.FE),Digital (IWSPL.D),Content (IWSPL.D.C),SEO (IWSPL.D.SEO),Creative Designer (PSI.D.UX.),Design (PSI.DG),UI/UX (PSI.DG.UI/UX),UX (PSI.DG.UX),Development (PSI.DEV),Back End (PSI.DEV.BE),DBA (PSI.DEV.DBA),ERP (IWSPL.DEV.ERP),Front End (PSI.DEV.FE),Full Stack (PSI.DEV.FS),Mobile (PSI.DEV.MOB),Mobile Android (PSI.DEV.MA),Mobile IOS (PSI.DEV.MIOS),Networking and Telecom (PSI.DEV.NAT),Quality (PSI.DEV.Q),Audit (PSI.DEV.Q.A),DevOps and Support (PSI.DAS),Application and Infra Support (PSI.DAS.AAIS),Core DevOps (PSI.DAS.CDO),FinOps (PSI.DAS.FO),Quality Assurance (PSI.QA),Application Support (PSI.QA.AS),VOIP Support (PSI.QA.AS.VOIPS),Automation (PSI.QA.ATT),Automation Testing (PSI.QA.AT),Manual Testing (PSI.QA.MT),Mobile Testing (PSI.QA.MOBT),Networking and Telecom (PSI.QA.NAT),CEO (TPL.C),Database Support (TPL.DS),Application Support (TPL.DS.AS),Support (TPL.DS.SUPP),DevOps and Support (TPL.DAS),Core DevOps (TPL.DAS.CDO),Development (TPL.DEV),Back End (TPL.DEV.BE),DBA (TPL.DEV.DBA),Front end (TPL.DEV.FE),Full Stack (TPL.DEV.FS),Digital (TPL.D),Marketing (TPL.D.MKT),Executive Lead Generation (TPL.BD.IS),Lead Mobility (TPL.DEV.MOB),Manager Business Development (TPL.BD.SS),Project Coordinator (TPL.PC),Coordinator (TPL.PC.CD),Quality Assurance (TPL.QA),Automation Testing (TPL.QA.AT),Manual Testing (TPL.QA.MT)",,,,,,,"Associate (A),Intern (I),Individual Contributor (IC)","Staffing (Staffing),Unassigned (Unassigned),ODC (ODC)",,,,,,,,,,,,,,,,,,,,,,,,,,,,,,,,,,,,,,,,,,,,,,,,,,,,,,,,,,,,,,,,,,,,,,,,,,,,,,,,,,,,,,,,,,,,,,,,,,,,,,,,,,,,,,,,,,,,,,,,,,,,,,,,,,,,,,,,,,,,,,,,,
"Individual Contributor & Associate",UAS_47,,Default,,,,,,,,,,,,"Associate (A),Individual Contributor (IC)",,,,,,,,,,,,,,,,,,,,,,,,,,,,,,,,,,,,,,,,,,,,,,,,,,,,,,,,,,,,,,,,,,,,,,,,,,,,,,,,,,,,,,,,,,,,,,,,,,,,,,,,,,,,,,,,,,,,,,,,,,,,,,,,,,,,,,,,,,,,,,,,,,
"Aditya Birla",UAS_48,,Default,,,,,,,,,,"Brigade Peenya Bengaluru  (IWSPL.BBK),Brigade Peenya Bengaluru  (PSI.BBK),Brigade Peenya Bengaluru  (TPL.BBK),Malad Mindspace Mumbai  (PSI.ETMI),Malad Mindspace Mumbai  (TPL.ETMI),Metropolis- Whitefield Bengaluru  (PSI.WFBK),Metropolis- Whitefield Bengaluru  (TPL.WFBK),Prestige Sky Tech Hyderabad  (PSI.PST.Hyd)",,,,,,,,,,"Aditya Birla",,,,,,,,,,,,,,,,,,,,,,,,,,,,,,,,,,,,,,,,,,,,,,,,,,,,,,,,,,,,,,,,,,,,,,,,,,,,,,,,,,,,,,,,,,,,,,,,,,,,,,,,,,,,,,,,,,,,,,,,,,,,,,,,,,,,,,,,,,
"[REDACTED] Permission",UAS_49,,Default,,,,,"Product Management (PSI.PRDM),Business Analysis (PSI.PRDM.BA),Documentation (PSI.PRDM.D),Project Management (PSI.C.PJM),Director Technology and Services (PSI.C.PJM.DTS),Project Manager (PSI.C.PJM.PM),VP (PSI.VP.SALES),Business Development (PSI.BD),Inside Sales (PSI.BD.IS),Marketing (PSI.BD.MKT),Sales (PSI.BD.S),Development (PSI.DEV),Back End (PSI.DEV.BE),DBA (PSI.DEV.DBA),Front End (PSI.DEV.FE),Full Stack (PSI.DEV.FS),Mobile (PSI.DEV.MOB),Mobile Android (PSI.DEV.MA),Mobile IOS (PSI.DEV.MIOS),Networking and Telecom (PSI.DEV.NAT),Quality (PSI.DEV.Q),Audit (PSI.DEV.Q.A),Business Development (TPL.BD),Development (TPL.DEV),Back End (TPL.DEV.BE),DBA (TPL.DEV.DBA),Front end (TPL.DEV.FE),Full Stack (TPL.DEV.FS),Project Management (TPL.PM),Business Analysis (TPL.PM.BA),Project Manager (TPL.PM.PMO),ERP (IWSPL.DEV.ERP)",,,,,,,,,,,,,,,,,,,,,,,,,,,,,,,,,,,,,,,,,,,,,,,,,,,,,,,,,,,,,,,,,,,,,,,,,,,,,,,,,,,,,,,,,,,,,,,,,,,,,,,,,,,,,,,,,,,,,,,,,,,,,,,,,,,,,,,,,,,,,,,,,,,,,,,,,
"[REDACTED] Permission",UAS_50,,Default,,,,,"Networking and Telecom (PSI.DEV.NAT),VP QA & Devops (PSI.VP.QA&DO),DevOps and Support (PSI.DAS),Application and Infra Support (PSI.DAS.AAIS),Core DevOps (PSI.DAS.CDO),FinOps (PSI.DAS.FO),Quality Assurance (PSI.QA),Application Support (PSI.QA.AS),VOIP Support (PSI.QA.AS.VOIPS),Automation (PSI.QA.ATT),Automation Testing (PSI.QA.AT),Manual Testing (PSI.QA.MT),Mobile Testing (PSI.QA.MOBT),Networking and Telecom (PSI.QA.NAT),Quality Assurance (TPL.QA),Automation Testing (TPL.QA.AT),Manual Testing (TPL.QA.MT)",,,,,,,,,,,,,,,,,,,,,,,,,,,,,,,,,,,,,,,,,,,,,,,,,,,,,,,,,,,,,,,,,,,,,,,,,,,,,,,,,,,,,,,,,,,,,,,,,,,,,,,,,,,,,,,,,,,,,,,,,,,,,,,,,,,,,,,,,,,,,,,,,,,,,,,,,
"[REDACTED] Department",UAS_51,,Default,,,,,"Back End (PSI.DEV.BE)",,,,,,,,,,,,,,,,,,,,,,,,,,,,,,,,,,,,,,,,,,,,,,,,,,,,,,,,,,,,,,,,,,,,,,,,,,,,,,,,,,,,,,,,,,,,,,,,,,,,,,,,,,,,,,,,,,,,,,,,,,,,,,,,,,,,,,,,,,,,,,,,,,,,,,,,,
"[REDACTED] Department",UAS_52,,Default,,,,,"Automation (PSI.QA.ATT)",,,,,,,,,,,,,,,,,,,,,,,,,,,,,,,,,,,,,,,,,,,,,,,,,,,,,,,,,,,,,,,,,,,,,,,,,,,,,,,,,,,,,,,,,,,,,,,,,,,,,,,,,,,,,,,,,,,,,,,,,,,,,,,,,,,,,,,,,,,,,,,,,,,,,,,,,
"[REDACTED] Department",UAS_53,,Default,,,,,"Program Manager (PSI.C.PM)",,,,,,,,,,,,,,,,,,,,,,,,,,,,,,,,,,,,,,,,,,,,,,,,,,,,,,,,,,,,,,,,,,,,,,,,,,,,,,,,,,,,,,,,,,,,,,,,,,,,,,,,,,,,,,,,,,,,,,,,,,,,,,,,,,,,,,,,,,,,,,,,,,,,,,,,,
"[REDACTED] Department",UAS_54,,Default,,,,,"Program Manager (PSI.C.PM)",,,,,,,,,,,,,,,,,,,,,,,,,,,,,,,,,,,,,,,,,,,,,,,,,,,,,,,,,,,,,,,,,,,,,,,,,,,,,,,,,,,,,,,,,,,,,,,,,,,,,,,,,,,,,,,,,,,,,,,,,,,,,,,,,,,,,,,,,,,,,,,,,,,,,,,,,
"HR department",UAS_55,,Default,,,,,"Senior Director HR (PSI.C.SDHR),Human Resources (PSI.HR),Core HR (PSI.HR.CHR),HR (PSI.HR.HR),Talent Acquisition (PSI.HR.TA),Training and Development (PSI.TAD),Human Resources (TPL.HR),Core HR (TPL.HR.CHR),Core HR and PMO (TPL.HR.CHAP),Talent Acquisition (TPL.HR.TA),Talent Acquisition and PMO (TPL.HR.TAAP)",,,,,,,,,,,,,,,,,,,,,,,,,,,,,,,,,,,,,,,,,,,,,,,,,,,,,,,,,,,,,,,,,,,,,,,,,,,,,,,,,,,,,,,,,,,,,,,,,,,,,,,,,,,,,,,,,,,,,,,,,,,,,,,,,,,,,,,,,,,,,,,,,,,,,,,,,
Invoicemart,UAS_56,,Default,,,,,,,,,,"Brigade Peenya Bengaluru  (IWSPL.BBK),Brigade Peenya Bengaluru  (PSI.BBK),Brigade Peenya Bengaluru  (TPL.BBK),Malad Mindspace Mumbai  (PSI.ETMI),Malad Mindspace Mumbai  (TPL.ETMI),Metropolis- Whitefield Bengaluru  (PSI.WFBK),Metropolis- Whitefield Bengaluru  (TPL.WFBK),Prestige Sky Tech Hyderabad  (PSI.PST.Hyd)",,,,,,,,,,"Invoice Mart",,,,,,,,,,,,,,,,,,,,,,,,,,,,,,,,,,,,,,,,,,,,,,,,,,,,,,,,,,,,,,,,,,,,,,,,,,,,,,,,,,,,,,,,,,,,,,,,,,,,,,,,,,,,,,,,,,,,,,,,,,,,,,,,,,,,,,,,,,
"Tejora - Payslip",UAS_57,,Default,,,,,,,,,,,,,"Tejora- Payslip (Tejora- Payslip)",,,,,,,,,,,,,,,,,,,,,,,,,,,,,,,,,,,,,,,,,,,,,,,,,,,,,,,,,,,,,,,,,,,,,,,,,,,,,,,,,,,,,,,,,,,,,,,,,,,,,,,,,,,,,,,,,,,,,,,,,,,,,,,,,,,,,,,,,,,,,,,,,
"Developers Sign Off",UAS_58,,Default,,,,,"Vice President Engineering (PSI.C.VPE),VP Development (PSI.VP.DEV),Creative Designer (PSI.D.UX.),Design (PSI.DG),UI/UX (PSI.DG.UI/UX),UX (PSI.DG.UX),Development (PSI.DEV),Back End (PSI.DEV.BE),DBA (PSI.DEV.DBA),Front End (PSI.DEV.FE),Full Stack (PSI.DEV.FS),Mobile (PSI.DEV.MOB),Mobile Android (PSI.DEV.MA),Mobile IOS (PSI.DEV.MIOS),Networking and Telecom (PSI.DEV.NAT),Quality (PSI.DEV.Q),Audit (PSI.DEV.Q.A),VP QA & Devops (PSI.VP.QA&DO),DevOps and Support (PSI.DAS),Application and Infra Support (PSI.DAS.AAIS),Core DevOps (PSI.DAS.CDO),FinOps (PSI.DAS.FO),Quality Assurance (PSI.QA),Application Support (PSI.QA.AS),VOIP Support (PSI.QA.AS.VOIPS),Automation (PSI.QA.ATT),Automation Testing (PSI.QA.AT),Manual Testing (PSI.QA.MT),Mobile Testing (PSI.QA.MOBT),Networking and Telecom (PSI.QA.NAT),ERP (IWSPL.DEV.ERP)",,,,,,,,,,,,,,,,,,,,,,,,,,,,,,,,,,,,,,,,,,,,,,,,,,,,,,,,,,,,,,,,,,,,,,,,,,,,,,,,,,,,,,,,,,,,,,,,,,,,,,,,,,,,,,,,,,,,,,,,,,,,,,,,,,,,,,,,,,,,,,,,,,,,,,,,,
"DevOps Sign off",UAS_59,,Default,,,,,"DevOps and Support (PSI.DAS),Application and Infra Support (PSI.DAS.AAIS),Core DevOps (PSI.DAS.CDO),FinOps (PSI.DAS.FO)",,,,,,,,,,,,,,,,,,,,,,,,,,,,,,,,,,,,,,,,,,,,,,,,,,,,,,,,,,,,,,,,,,,,,,,,,,,,,,,,,,,,,,,,,,,,,,,,,,,,,,,,,,,,,,,,,,,,,,,,,,,,,,,,,,,,,,,,,,,,,,,,,,,,,,,,,
"L1 Managers",UAS_60,,Default,,,,,,,,,,,,,,,,,,,,,,,,,,,,,,,,,,,,,,,,,,,,,,,,"L1 Manager and Above",,,,,,,,,,,,,,,,,,,,,,,,,,,,,,,,,,,,,,,,,,,,,,,,,,,,,,,,,,,,,,,,,,,,,,,,,,,,,,,,,,,,,,,,,,,,,,,,,,,,,,,,,,,,,,
"Consultant ",UAS_61,,Default,,Consultant,,,,,,,,,,,,,,,,,,,,,,,,,,,,,,,,,,,,,,,,,,,,,,,,,,,,,,,,,,,,,,,,,,,,,,,,,,,,,,,,,,,,,,,,,,,,,,,,,,,,,,,,,,,,,,,,,,,,,,,,,,,,,,,,,,,,,,,,,,,,,,,,,,,,,,,,,,,,
"Contract Employee",UAS_62,,Default,,Contract,,,,,,,,,,,,,,,,,,,,,,,,,,,,,,,,,,,,,,,,,,,,,,,,,,,,,,,,,,,,,,,,,,,,,,,,,,,,,,,,,,,,,,,,,,,,,,,,,,,,,,,,,,,,,,,,,,,,,,,,,,,,,,,,,,,,,,,,,,,,,,,,,,,,,,,,,,,,
Recruiter,UAS_63,,Default,,,,,"CEO (PSI.C),Adminstration (PSI.A),Bengaluru Admin (PSI.A.BA),Hyderabad Admin (PSI.A.HA),Database Support (PSI.C.DS),Application Support (PSI.C.DS.AS),Digital (PSI.D),Content (PSI.D.C),Marketing (PSI.D.MKT),SEO (PSI.D.SEO),UX (PSI.D.UX),IT (PSI.IT),Networking and Hardware Support (PSI.IT.NAHS),Networking and Support (PSI.IT.NAS),Product Management (PSI.PRDM),Business Analysis (PSI.PRDM.BA),Documentation (PSI.PRDM.D),Program Manager (PSI.C.PM),Project Management (PSI.C.PJM),Project Manager (PSI.C.PJM.PM),Inside Sales (PSI.BD.IS),Marketing (PSI.BD.MKT),Vice President Engineering (PSI.C.VPE),VP Development (PSI.VP.DEV),Creative Designer (PSI.D.UX.),Design (PSI.DG),UI/UX (PSI.DG.UI/UX),UX (PSI.DG.UX),Development (PSI.DEV),Back End (PSI.DEV.BE),DBA (PSI.DEV.DBA),Front End (PSI.DEV.FE),Full Stack (PSI.DEV.FS),Mobile (PSI.DEV.MOB),Mobile Android (PSI.DEV.MA),Mobile IOS (PSI.DEV.MIOS),Networking and Telecom (PSI.DEV.NAT),Quality (PSI.DEV.Q),Audit (PSI.DEV.Q.A),VP QA & Devops (PSI.VP.QA&DO),DevOps and Support (PSI.DAS),Application and Infra Support (PSI.DAS.AAIS),Core DevOps (PSI.DAS.CDO),FinOps (PSI.DAS.FO),Quality Assurance (PSI.QA),Application Support (PSI.QA.AS),VOIP Support (PSI.QA.AS.VOIPS),Automation (PSI.QA.ATT),Automation Testing (PSI.QA.AT),Manual Testing (PSI.QA.MT),Mobile Testing (PSI.QA.MOBT),Networking and Telecom (PSI.QA.NAT),ERP (IWSPL.DEV.ERP)",,,,,,,,,,,,,,,,,,,,,,,,,,,,,,,,,,,,,,,,,,,,,,,,,,,,,,,,,,,,,,,,,,,,,,,,,,,,,,,,,,,,,,,,,,,,,,,,,,,,,,,,,,,,,,,,,,,,,,,,,,,,,,,,,,,,,,,,,,,,,,,,,,,,,,,,,
"DB Admin",UAS_64,,Default,,,,,,,,,,,,,,,,,,,,,,,,,,,,,,,,,,,,,,,,,,,,,,,,,,,,,,,,,,,,,,,,,,,,,,,,,,,,,,,"Darwinbox Admin (DB006)",,,,,,,,,,,,,,,,,,,,,,,,,,,,,,,,,,,,,,,,,,,,,,,,,,,,,,,,,,,,,,,,,,,,,,,,,,,,,,,
"Vibe Post ",UAS_65,,Default,,,,,,,,,,,,,,,,,,,,,,,,,,,,,,,,,,,,,,,,,,,,,,,,,,,,,,,,,,,,,,,,,,,,,,,,,,,,,,,"[REDACTED],[REDACTED],[REDACTED],[REDACTED],[REDACTED],[REDACTED],[REDACTED],[REDACTED],[REDACTED],[REDACTED],[REDACTED],[REDACTED],[REDACTED]",,,,,,,,,,,,,,,,,,,,,,,,,,,,,,,,,,,,,,,,,,,,,,,,,,,,,,,,,,,,,,,,,,,,,,,,,,,,,,,
"Sales US Holiday",UAS_66,,Default,,,,,,,,,,,,,,,,,,,,,,,,,,,,,,,,,,,,,,,,,,,,,,,,,,,,,,,,,,,,,,,,,,,,,,,,,,,,,,,"[REDACTED]",,,,,,,,,,,,,,,,,,,,,,,,,,,,,,,,,,,,,,,,,,,,,,,,,,,,,,,,,,,,,,,,,,,,,,,,,,,,,,,
"Paid Leave Permanent",UAS_67,,Default,,"Full Time,Associate",,,,,,,,,,,,,,,,,,,,,,,,,,,,,,,,,,,,,,,,,,,,No,,,,,,,,,,,,,,,,,,,,,,,,,,,,,,,,,,,,,,,,,,,,,,,,,,,,,,,,,,,,,,,,,,,,,,,,,,,,,,,,,,,,,,,,,,,,,,,,,,,,,,,,,,,,,,,,
"Yes Bank- Saffron Pay",UAS_68,,Default,,,,,,,,,,"Brigade Peenya Bengaluru  (PSI.BBK),Brigade Peenya Bengaluru  (TPL.BBK),Malad Mindspace Mumbai  (PSI.ETMI),Malad Mindspace Mumbai  (TPL.ETMI),Metropolis- Whitefield Bengaluru  (PSI.WFBK),Metropolis- Whitefield Bengaluru  (TPL.WFBK),Prestige Sky Tech Hyderabad  (PSI.PST.Hyd)",,,,,,,,,,"Saffron Pay",,,,,,,,,,,,,,,,,,,,,,,,,,,,,,,,,,,,,,,,,,,,,,,,,,,,,,,,,,,,,,,,,,,,,,,,,,,,,,,,,,,,,,,,,,,,,,,,,,,,,,,,,,,,,,,,,,,,,,,,,,,,,,,,,,,,,,,,,,
"SK Finance ",UAS_69,,Default,,,,,,,,,,"Brigade Peenya Bengaluru  (PSI.BBK),Malad Mindspace Mumbai  (PSI.ETMI),Metropolis- Whitefield Bengaluru  (PSI.WFBK),Prestige Sky Tech Hyderabad  (PSI.PST.Hyd)",,,,,,,,,,"PSI.SK Finance",,,,,,,,,,,,,,,,,,,,,,,,,,,,,,,,,,,,,,,,,,,,,,,,,,,,,,,,,,,,,,,,,,,,,,,,,,,,,,,,,,,,,,,,,,,,,,,,,,,,,,,,,,,,,,,,,,,,,,,,,,,,,,,,,,,,,,,,,,
SMFG,UAS_71,,Default,,,,,,,,,,,,,,,,,,,,PSI.SMFG,,,,,,,,,,,,,,,,,,,,,,,,,,,,,,,,,,,,,,,,,,,,,,,,,,,,,,,,,,,,,,,,,,,,,,,,,,,,,,,,,,,,,,,,,,,,,,,,,,,,,,,,,,,,,,,,,,,,,,,,,,,,,,,,,,,,,,,,,,
"[REDACTED] Appraisal",UAS_72,,Default,,,,,,,,,,,,"Associate (A),Intern (I),Individual Contributor (IC)",,,,,,,,,,,,,,,,,,,,,,,,,,,,,,,,,,,,,,,,,,,,,,,,,,,,,,,,,,,,,,,,,,,,,,,,"Adminstration (PSI.A),Bengaluru Admin (PSI.A.BA),Hyderabad Admin (PSI.A.HA),Co Founder-EVP (PSI.BD.CFEVP),Company Director (PSI.C.CD),Finance (PSI.F),Accounts (PSI.F.ACC),IT (PSI.IT),Networking and Hardware Support (PSI.IT.NAHS),Networking and Support (PSI.IT.NAS),Legal (PSI.C.L),Operations (PSI.O),Operations Center Head- Mumbai  (PSI.O.OCHM),Sales (PSI.O.S),Product Management (PSI.PRDM),Business Analysis (PSI.PRDM.BA),Documentation (PSI.PRDM.D),Program Manager (PSI.C.PM),Project Management (PSI.C.PJM),Director Technology and Services (PSI.C.PJM.DTS),Project Manager (PSI.C.PJM.PM),Senior Director Engineering (PSI.C.SDE),Senior Director HR (PSI.C.SDHR),Human Resources (PSI.HR),Core HR (PSI.HR.CHR),HR (PSI.HR.HR),Talent Acquisition (PSI.HR.TA),Training and Development (PSI.TAD),VP (PSI.VP.SALES),Business Development (PSI.BD),Inside Sales (PSI.BD.IS),Marketing (PSI.BD.MKT),Sales (PSI.BD.S),Vice President Engineering (PSI.C.VPE),VP Development (PSI.VP.DEV),Design (PSI.DG),UI/UX (PSI.DG.UI/UX),UX (PSI.DG.UX),Full Stack (PSI.DEV.FS),VP QA & Devops (PSI.VP.QA&DO),Core DevOps (PSI.DAS.CDO)",,,,,,,,,,,,,,,,,,,,,,,,,,,,,,,,,,,,,,,,,,,,,,,,,,,,,,,,,,,,,,,,,,,,,,,,,,
"Probation Leaves",UAS_73,,Default,,,,,,,,,,,,,,,,,,,,,,,,,,,,,,,,,,,,,,,,,,,,,,,,,,,,,,,,,,,,,,,,,,,,,,,,,,,,,,,"Darwinbox Admin (DB006)",,,,,,,,,,,,,,,,,,,,,,,,,,,,,,,,,,,,,,,,,,,,,,,,,,,,,,,,,,,,,,,,,,,,,,,,,,,,,,,
"On Probation Attendance",UAS_74,,Default,,,,,,,,,,,,,,,,,,,,,,,,,,,,,,,,,,,,,,,,,,,,,,Yes,,,,,,,,,,,,,,,,,,,,,,,,,,,,,,,,,,,,,,,,,,,,,,,,,,,,,,,,,,,,,,,,,,,,,,,,,,,,,,,,,,,,,,,,,,,,,,,,,,,,,,,,,,,,,,,,
"Not on Probation- Attendance",UAS_75,,Default,,,,,,,,,,,,,,,,,,,,,,,,,,,,,,,,,,,,,,,,,,,,,,No,,,,,,,,,,,,,,,,,,,,,,,,,,,,,,,,,,,,,,,,,,,,,,,,,,,,,,,,,,,,,,,,,,,,,,,,,,,,,,,,,,,,,,,,,,,,,,,,,,,,,,,,,,,,,,,,
"Strategy Corps",UAS_76,,Default,,,,,,,,,,"Brigade Peenya Bengaluru  (PSI.BBK),Malad Mindspace Mumbai  (PSI.ETMI),Metropolis- Whitefield Bengaluru  (PSI.WFBK),Prestige Sky Tech Hyderabad  (PSI.PST.Hyd)",,,,,,,,,,PSI.StrategyCorps,,,,,,,,,,,,,,,,,,,,,,,,,,,,,,,,,,,,,,,,,,,,,,,,,,,,,,,,,,,,,,,,,,,,,,,,,,,,,,,,,,,,,,,,,,,,,,,,,,,,,,,,,,,,,,,,,,,,,,,,,,,,,,,,,,,,,,,,,,
Qualnetics,UAS_77,,Default,,,,,,,,,,"Brigade Peenya Bengaluru  (PSI.BBK),Malad Mindspace Mumbai  (PSI.ETMI),Metropolis- Whitefield Bengaluru  (PSI.WFBK),Prestige Sky Tech Hyderabad  (PSI.PST.Hyd)",,,,,,,,,,PSI.Qualnetics,,,,,,,,,,,,,,,,,,,,,,,,,,,,,,,,,,,,,,,,,,,,,,,,,,,,,,,,,,,,,,,,,,,,,,,,,,,,,,,,,,,,,,,,,,,,,,,,,,,,,,,,,,,,,,,,,,,,,,,,,,,,,,,,,,,,,,,,,,
Mobilize,UAS_78,,Default,,,,,,,,,,"Brigade Peenya Bengaluru  (PSI.BBK),Malad Mindspace Mumbai  (PSI.ETMI),Metropolis- Whitefield Bengaluru  (PSI.WFBK),Prestige Sky Tech Hyderabad  (PSI.PST.Hyd)",,,,,,,,,,PSI.Mobilize,,,,,,,,,,,,,,,,,,,,,,,,,,,,,,,,,,,,,,,,,,,,,,,,,,,,,,,,,,,,,,,,,,,,,,,,,,,,,,,,,,,,,,,,,,,,,,,,,,,,,,,,,,,,,,,,,,,,,,,,,,,,,,,,,,,,,,,,,,
