"Code","Row ID","Approval Stage Name","Approvers","Approver's Job Level","Approver's Grade","Action","Alloted Time","Visibility Roles","Skip Settings","SLA Settings","Confidential Roles","Re-Route Approval Flow","Approver Context","Assignment Basis","Replace Approve and Reject buttons with submit button","Trigger this stage even if previous stage is rejected","Allow Send Back","Select Employee","Use Decision Matrix","Decision Matrix","Approve Button Alias","Reject Button Alias","Save as Draft Button Alias","Reroute Button Alias","Send Back Button Alias","Delegate Button Alias","View Details Button Alias","Submit Button Alias","Cancel Button Alias","Approver/Assignee Is Assigned - Email","Approver/Assignee Is Assigned - Default Recipients","Approver/Assignee Is Assigned - Additional Recipients","Approver/Assignee Is Assigned - CC Users","Approver/Assignee Is Assigned - CC Roles","Approvers Approve - Email","Approvers Approve - Default Recipients","Approvers Approve - Additional Recipients","Approvers Approve - CC Users","Approvers Approve - CC Roles","Approvers Reject - Email","Approvers Reject - Default Recipients","Approvers Reject - Additional Recipients","Approvers Reject - CC Users","Approvers Reject - CC Roles","Due Date Is Completed - Email","Due Date Is Completed - Default Recipients","Due Date Is Completed - Additional Recipients","Due Date Is Completed - CC Users","Due Date Is Completed - CC Roles","Approval Step Is Skipped - Email","Approval Step Is Skipped - Default Recipients","Approval Step Is Skipped - Additional Recipients","Approval Step Is Skipped - CC Users","Approval Step Is Skipped - CC Roles","Sent Back To Approval Stage And Sent Back Task Is Triggered - Email","Sent Back To Approval Stage And Sent Back Task Is Triggered - Default Recipients","Sent Back To Approval Stage And Sent Back Task Is Triggered - Additional Recipients","Sent Back To Initiator Stage And Sent Back Task Is Triggered - Email","Sent Back To Initiator Stage And Sent Back Task Is Triggered - Default Recipients","Sent Back To Initiator Stage And Sent Back Task Is Triggered - Additional Recipients","Sent Back From This Stage And Sent Back Task Is Completed - Email","Sent Back From This Stage And Sent Back Task Is Completed - Default Recipients","Sent Back From This Stage And Sent Back Task Is Completed - Additional Recipients","Other Stages Retriggered As Part Of This Send Back - Email","Other Stages Retriggered As Part Of This Send Back - Default Recipients","Other Stages Retriggered As Part Of This Send Back - Additional Recipients","Status"
"AF_1","R1","Admin","Employee direct HRBP","","","","15","Manager","","","","","Subject","Source","","","","","","","","","","","","","","","","","","","","","","","","","","","","","","","","","","","","","","","","","","","","","","","","","","","","","Active"
"AF_2","","L1","Head HR","","","","15","","","","","","Subject","Source","","","","","","","","","","","","","","","","","","","","","","","","","","","","","","","","","","","","","","","","","","","","","","","","","","","","","Inactive"
"AF_3","","IT Admin","","","","","15","","","","","","Subject","Source","","","","","","","","","","","","","","","","","","","","","","","","","","","","","","","","","","","","","","","","","","","","","","","","","","","","","Inactive"
"AF_4","","IT Admin","","","","","15","","","","","","Subject","Source","","","","","","","","","","","","","","","","","","","","","","","","","","","","","","","","","","","","","","","","","","","","","","","","","","","","","Inactive"
"AF_5","","IT Admin","","","","","15","Manager|Admin","","","","","Subject","Source","","","","","","","","","","","","","","","","","","","","","","","","","","","","","","","","","","","","","","","","","","","","","","","","","","","","","Inactive"
"AF_6","","l1","Manager","","","","15","Self|L2 Manager","","","","","Subject","Source","YES","","","","","","","","","","","","","","","","","","","","","","","","","","","","","","","","","","","","","","","","","","","","","","","","","","","","Inactive"
"AF_6","","l2","Employee direct HRBP","","","","15","Self|Manager|L2 Manager","","","","","Subject","Source","","","","","","","","","","","","","","","","","","","","","","","","","","","","","","","","","","","","","","","","","","","","","","","","","","","","","Inactive"
"AF_6","","l3","Admin","","","","15","Self|Manager|L2 Manager|Employee direct HRBP","","","","","Subject","Source","","","","","","","","","","","","","","","","","","","","","","","","","","","","","","","","","","","","","","","","","","","","","","","","","","","","","Inactive"
"AF_7","","l1","Manager","","","","15","L2 Manager","","","","","Subject","Source","YES","","","","","","","","","","","","","","","","","","","","","","","","","","","","","","","","","","","","","","","","","","","","","","","","","","","","Inactive"
"AF_7","","l2","Employee direct HRBP","","","","15","Manager|L2 Manager","","","","","Subject","Source","","","","","","","","","","","","","","","","","","","","","","","","","","","","","","","","","","","","","","","","","","","","","","","","","","","","","Inactive"
"AF_7","","l3","Admin","","","","15","Manager|L2 Manager|Employee direct HRBP","","","","","Subject","Source","","","","","","","","","","","","","","","","","","","","","","","","","","","","","","","","","","","","","","","","","","","","","","","","","","","","","Inactive"
"AF_8","","l1","Manager","","","","15","Employee direct HRBP","","","","","Subject","Source","YES","","","","","","","","","","","","","","","","","","","","","","","","","","","","","","","","","","","","","","","","","","","","","","","","","","","","Inactive"
"AF_8","","l2","Employee direct HRBP","","","","15","L2 Manager","","","","","Subject","Source","","","","","","","","","","","","","","","","","","","","","","","","","","","","","","","","","","","","","","","","","","","","","","","","","","","","","Inactive"
"AF_8","","l3","Admin","","","","15","L2 Manager|Employee direct HRBP","","","","","Subject","Source","","","","","","","","","","","","","","","","","","","","","","","","","","","","","","","","","","","","","","","","","","","","","","","","","","","","","Inactive"
"AF_9","","L1","Manager","","","","15","","","","","","Subject","Source","","","","","","","","","","","","","","","","","","","","","","","","","","","","","","","","","","","","","","","","","","","","","","","","","","","","","Inactive"
"AF_9","","L2","Employee direct HRBP","","","","15","","","","","","Subject","Source","","","","","","","","","","","","","","","","","","","","","","","","","","","","","","","","","","","","","","","","","","","","","","","","","","","","","Inactive"
"AF_10","","L1","Manager","","","","15","","","","","","Subject","Source","","","","","","","","","","","","","","","","","","","","","","","","","","","","","","","","","","","","","","","","","","","","","","","","","","","","","Inactive"
"AF_10","","L2","L2 Manager","","","","15","","","","","","Subject","Source","","","","","","","","","","","","","","","","","","","","","","","","","","","","","","","","","","","","","","","","","","","","","","","","","","","","","Inactive"
"AF_10","","L3","Employee direct HRBP","","","","15","","","","","","Subject","Source","","","","","","","","","","","","","","","","","","","","","","","","","","","","","","","","","","","","","","","","","","","","","","","","","","","","","Inactive"
"AF_11","R1","L1","Manager","","","","15","Self|Manager|Admin","","","","","Subject","Source","","","","","","","","","","","","","","","","","","","","","","","","","","","","","","","","","","","","","","","","","","","","","","","","","","","","","Active"
"AF_11","R2","L2","Employee direct HRBP","","","","15","Self|Manager|Admin","","","","","Subject","Source","","","","","","","","","","","","","","","","","","","","","","","","","","","","","","","","","","","","","","","","","","","","","","","","","","","","","Active"
"AF_12","","L1","Head HR","","","","15","","","","","","Subject","Source","","","","","","","","","","","","","","","","","","","","","","","","","","","","","","","","","","","","","","","","","","","","","","","","","","","","","Inactive"
"AF_13","","L1","Head HR","","","","15","","","","","","Subject","Source","","","","","","","","","","","","","","","","","","","","","","","","","","","","","","","","","","","","","","","","","","","","","","","","","","","","","Inactive"
"AF_14","","L1","","","","","15","","","","","","Subject","Source","","","","","","","","","","","","","","","","","","","","","","","","","","","","","","","","","","","","","","","","","","","","","","","","","","","","","Inactive"
"AF_14","","L2","HOD","","","","15","","","","","","Subject","Source","","","","","","","","","","","","","","","","","","","","","","","","","","","","","","","","","","","","","","","","","","","","","","","","","","","","","Inactive"
"AF_14","","L3","","","","","15","","","","","","Subject","Source","","","","","","","","","","","","","","","","","","","","","","","","","","","","","","","","","","","","","","","","","","","","","","","","","","","","","Inactive"
"AF_15","","L1","HOD","","","","15","","","","","","Subject","Source","","","","","","","","","","","","","","","","","","","","","","","","","","","","","","","","","","","","","","","","","","","","","","","","","","","","","Inactive"
"AF_15","","L2","","","","","15","","","","","","Subject","Source","","","","","","","","","","","","","","","","","","","","","","","","","","","","","","","","","","","","","","","","","","","","","","","","","","","","","Inactive"
"AF_16","R1","Manager Approval","Manager","","","","15","","","","","","Subject","Source","","","","","","","","","","","","","","","","","","","","","","","","","","","","","","","","","","","","","","","","","","","","","","","","","","","","","Active"
"AF_17","","HR Team","","","","","15","","","","","AF_18|AF_19|AF_20","Subject","Source","","","","","","","","","","","","","","","","","","","","","","","","","","","","","","","","","","","","","","","","","","","","","","","","","","","","","Inactive"
"AF_18","","CEO","","","","","15","","","","","","Subject","Source","","","","","","","","","","","","","","","","","","","","","","","","","","","","","","","","","","","","","","","","","","","","","","","","","","","","","Inactive"
"AF_19","","VP","","","","","15","","","","","","Subject","Source","","","","","","","","","","","","","","","","","","","","","","","","","","","","","","","","","","","","","","","","","","","","","","","","","","","","","Inactive"
"AF_20","R1","","Admin|Offer Approval HR","","","","15","","","","","","Subject","Source","","","","","","","","","","","","","","","","","","","","","","","","","","","","","","","","","","","","","","","","","","","","","","","","","","","","","Inactive"
"AF_21","","HR Team","","","","","15","","","","","AF_18|AF_19|AF_20","Subject","Source","","","","","","","","","","","","","","","","","","","","","","","","","","CUST_NOTF_8","","","","Admin","","","","","","","","","","","","","","","","","","","","","","","Inactive"
"AF_22","R1","l1","Manager","","","","15","Employee direct HRBP","Skip_AF_1","","","","Subject","Source","YES","","","","","","","","","","","","","","","","","","","","","","","","","","","","","","","","","","","","","","","","","","","","","","","","","","","","Active"
"AF_22","R2","l2","Employee direct HRBP","","","","15","L2 Manager","Skip_AF_1","","","","Subject","Source","","","","","","","","","","","","","","","","","","","","","","","","","","","","","","","","","","","","","","","","","","","","","","","","","","","","","Active"
"AF_22","R3","l3","Admin","","","","15","L2 Manager|Employee direct HRBP","Skip_AF_1","","","","Subject","Source","","","","","","","","","","","","","","","","","","","","","","","","","","","","","","","","","","","","","","","","","","","","","","","","","","","","","Active"
"AF_23","","L1","","","","","15","","","","","","Initiator","Source","","","","","","","","","","","","","","","","CUST_NOTF_5","","Manager|L2 Manager|L3 Manager|L4 Manager|HOD","","","","","","","","","","","","","","","","","","","","","","","","","","","","","","","","","","","Inactive"
"AF_23","","L2","","","","","15","","","","","","Initiator","Source","","","","","","","","","","","","","","","","","","","","","","","","","","","","","","","","","","","","","","","","","","","","","","","","","","","","","Inactive"
"AF_24","","L1","","","","","15","","Skip_AF_2","","","","Initiator","Source","","","","","","","","","","","","","","","","CUST_NOTF_5","","Manager|L2 Manager|L3 Manager|L4 Manager|HOD","","","","","","","","","","","","","","","","","","","","","","","","","","","","","","","","","","","Inactive"
"AF_24","","L2","","","","","15","","Skip_AF_2","","","","Initiator","Source","","","","","","","","","","","","","","","","","","","","","","","","","","","","","","","","","","","","","","","","","","","","","","","","","","","","","Inactive"
"AF_25","","L1","","","","","15","","","","","","Initiator","Source","","","","","","","","","","","","","","","","CUST_NOTF_5","","Manager|L2 Manager|L3 Manager|L4 Manager|HOD","","","","","","","","","","","","","","","","","","","","","","","","","","","","","","","","","","","Inactive"
"AF_25","","L2","","","","","15","Admin","","","","","Initiator","Source","","","","","","","","","","","","","","","","","","","","","","","","","","","","","","","","","","","","","","","","","","","","","","","","","","","","","Inactive"
"AF_26","","L1","","","","","15","","Skip_AF_3","","","","Subject","Source","","","","","","","","","","","","","","","","","","","","","","","","","","","","","","","","","","","","","","","","","","","","","","","","","","","","","Inactive"
"AF_27","","L1","","","","","15","","","","","","Initiator","Source","","","","","","","","","","","","","","","","CUST_NOTF_5","","Manager|L2 Manager|L3 Manager|L4 Manager|HOD","","","","","","","","","","","","","","","","","","","","","","","","","","","","","","","","","","","Inactive"
"AF_27","","L2","","","","","15","Admin","Skip_AF_3","","","","Initiator","Source","","","","","","","","","","","","","","","","","","","","","","","","","","","","","","","","","","","","","","","","","","","","","","","","","","","","","Inactive"
"AF_28","","L1","","","","","15","","","","","","Initiator","Source","","","","","","","","","","","","","","","","CUST_NOTF_5","","Manager|L2 Manager|L3 Manager|L4 Manager|HOD","","","","","","","","","","","","","","","","","","","","","","","","","","","","","","","","","","","Inactive"
"AF_28","","L2","","","","","15","Admin","","","","","Initiator","Source","","","","","","","","","","","","","","","","","","","","","","","","","","","","","","","","","","","","","","","","","","","","","","","","","","","","","Inactive"
"AF_29","","Stage 1","","","","","15","","","","","","Subject","Source","","","","","","","","","","","","","","","","","","","","","","","","","","","","","","","","","","","","","","","","","","","","","","","","","","","","","Inactive"
"AF_30","","Stage 1","","","","","15","Manager","","","Manager|Admin","","Subject","Source","","","","","","","","","","","","","","","","","","","","","","","","","","","","","","","","","","","","","","","","","","","","","","","","","","","","","Inactive"
"AF_31","","Stage 1","","","","","15","","","","","","Subject","Source","","","","","","","","","","","","","","","","","","","","","","","","","","","","","","","","","","","","","","","","","","","","","","","","","","","","","Inactive"
"AF_32","","Stage 1","","","","","15","","","","","","Subject","Source","","","","","","","","","","","","","","","","","","","","","","","","","","","","","","","","","","","","","","","","","","","","","","","","","","","","","Inactive"
"AF_33","R1","Stage 1","Manager|Employee direct HRBP","","","","15","","","","","","Subject","Source","","","","","","","","","","","","","","","","","","","","","","","","","","","","","","","","","","","","","","","","","","","","","","","","","","","","","Active"
"AF_34","R1","Manager Approval","Manager","","","","15","","","","","","Subject","Source","","","","","","","","","","","","","","","","","","","","","","","Self|Employee direct HRBP","","","","","Self|Admin|Employee direct HRBP","","","","","","","","","","","","","","","","","","","","","","","","","Inactive"
"AF_35","R1","HRBP","Employee direct HRBP","","","","15","","","","","","Subject","Source","","","","","","","","","","","","","","","","","","","","","","","Self|Manager","","","","","","","","","","","","","","","","","","","","","","","","","","","","","","Active"
"AF_36","R1","CEO","CEO","","","","15","","","","","","Subject","Source","","","","","","","","","","","","","","","","","","","","","","","","","","","","","","","","","","","","","","","","","","","","","","","","","","","","","Active"
"AF_37","","HRBP","Employee direct HRBP","","","","15","","","","","","Subject","Source","","","","","","","","","","","","","","","","","","","","","","","","","","","","","","","","","","","","","","","","","","","","","","","","","","","","","Draft"
"AF_37","R1","HRBP","Employee direct HRBP","","","","15","","","","","","Subject","Source","","","","","","","","","","","","","","","","","","","","","","","","","","","","","","","","","","","","","","","","","","","","","","","","","","","","","Active"
"AF_38","","Approval Stage 1","HOD","","","","15","","","","","","Subject","Source","","","","","","","","","","","","","","","","","","","","","","","","","","","","","","","","","","","","","","","","","","","","","","","","","","","","","Inactive"
"AF_39","R1","Approval Stage 1","Manager","","","","15","","","","","","Subject","Source","","","","","","","","","","","","","","","","","","","","","","","","","","","","","","","","","","","","","","","","","","","","","","","","","","","","","Active"
"AF_40","","Stage 1","HOD","","","","15","","","","","","Subject","Source","","","","","","","","","","","","","","","","","","","","","","","","","","","","","","","","","","","","","","","","","","","","","","","","","","","","","Inactive"
"AF_41","R1","Stage 1","HOD|CEO|Vice President","","","","15","","","","","","Subject","Source","","","","","","","","","","","","","","","","","","","","","","","","","","","","","","","","","","","","","","","","","","","","","","","","","","","","","Active"
"AF_42","","Stage 1a","","","","","15","","","","","","Subject","Source","","","","","","","","","","","","","","","","","","Self|Manager|HOD","","","","","","","","","","","","","","","","","","","","","","","","","","","","","","","","","","","Inactive"
"AF_43","","Stage 1","","","","","15","","","","","","Subject","Source","","","","","","","","","","","","","","","","","","Self|Manager|HOD","","","","","","","","","","Self|Manager|HOD","","","","","","","","","","","","","","","","","","","","","","","","","Inactive"
"AF_44","","Approval Stage 1","HOD","","","","15","","","","","","Subject","Source","","","","","","","","","","","","","","","","","","","","","","","","","","","","Manager|Employee direct HRBP","","","","","","","","","","","","","","","","","","","","","","","","","Inactive"
"AF_4","R1","Stage 1","","","","","15","","","","","","Subject","Source","","","","","","","","","","","","","","","","","","Self|Manager|HOD","","","","","","","","","","Self|Manager|HOD","","","","","","","","","","","","","","","","","","","","","","","","","Active"
"AF_5","R1","IT Admin","IT Admin","","","","15","Manager|Admin|IT Admin","","","","","Subject","Source","","","","","","","","","","","","","","","","","","","","","","","","","","","","","","","","","","","","","","","","","","","","","","","","","","","","","Active"
"AF_6","R1","Stage 1","CEO|Vice President","","","","15","Manager","","","Manager|Admin","","Subject","Source","","","","","","","","","","","","","","","","","","","","","","","","","","","","","","","","","","","","","","","","","","","","","","","","","","","","","Active"
"AF_7","R1","Stage 1","CEO|Vice President","","","","15","","","","","","Subject","Source","","","","","","","","","","","","","","","","","","","","","","","","","","","","","","","","","","","","","","","","","","","","","","","","","","","","","Active"
"AF_8","R1","Stage 1","CEO|Vice President","","","","15","","","","","","Subject","Source","","","","","","","","","","","","","","","","","","","","","","","","","","","","","","","","","","","","","","","","","","","","","","","","","","","","","Active"
"AF_9","R1","Approval Stage 1","HOD|Vice President","","","","15","","","","","","Subject","Source","","","","","","","","","","","","","","","","","","","","","","","","","","","","Manager|Employee direct HRBP","","","","","","","","","","","","","","","","","","","","","","","","","Active"
"AF_10","","HR Team","Offer Approval HR","","","","15","","","","","AF_11|AF_12|AF_20","Subject","Source","","","","","","","","","","","","","","","","","","","","","","","","","","CUST_NOTF_8","","","","Admin","","","","","","","","","","","","","","","","","","","","","","","Inactive"
"AF_11","R1","CEO","CEO","","","","15","","","","","","Subject","Source","","","","","","","","","","","","","","","","","","","","","","","","","","","","","","","","","","","","","","","","","","","","","","","","","","","","","Active"
"AF_12","R1","VP","Vice President","","","","15","","","","","","Subject","Source","","","","","","","","","","","","","","","","","","","","","","","","","","","","","","","","","","","","","","","","","","","","","","","","","","","","","Active"
"AF_13","R1","Stage 1","HOD|CEO|Vice President","","","","15","","","","","","Subject","Source","","","","","","","","","","","","","","","","","","","","","","","","","","","","","","","","","","","","","","","","","","","","","","","","","","","","","Active"
"AF_14","","L1","","","","","15","Admin|CEO|Recruiters|Vice President|HR Team","","","","","Initiator","Source","","","","","","","","","","","","","","","","CUST_NOTF_5","","Manager|L2 Manager|L3 Manager|L4 Manager|HOD","","","","","","","","","","","","","","","","","","","","","","","","","","","","","","","","","","","Inactive"
"AF_14","","L2","CEO|Vice President","","","","15","Admin|CEO|Recruiters|Vice President|HR Team","","","","","Initiator","Source","","","","","","","","","","","","","","","","","","","","","","","","","","","","","","","","","","","","","","","","","","","","","","","","","","","","","Inactive"
"AF_2","R1","","Offer Approval","","","","15","","","","","","Subject","Source","","","","","","","","","","","","","","","","","","","","","","","","","","","","","","","","","","","","","","","","","","","","","","","","","","","","","Active"
"AF_3","R1","HR Team","Offer Approval HR","","","","15","","","","","AF_11|AF_12|AF_2","Subject","Source","","","","","","","","","","","","","","","","","","","","","","","","","","CUST_NOTF_8","","","","Admin","","","","","","","","","","","","","","","","","","","","","","","Inactive"
"AF_4","R1","L1","","","","","15","Admin|CEO|Recruiters|Vice President|HR Team","","","","","Subject","Source","","","","","","","","","","","","","","","","CUST_NOTF_5","","Manager|L2 Manager|L3 Manager|L4 Manager|HOD","","","","","","","","","","","","","","","","","","","","","","","","","","","","","","","","","","","Inactive"
"AF_4","R2","L2","CEO|Vice President","","","","15","Admin|CEO|Recruiters|Vice President|HR Team","","","","","Subject","Source","","","","","","","","","","","","","","","","","","","","","","","","","","","","","","","","","","","","","","","","","","","","","","","","","","","","","Inactive"
"AF_15","R1","HR Team","Offer Approval HR","","","","15","","","","","AF_17|AF_11|AF_12|AF_2","Subject","Source","","","","","","","Approve","Reject","Save as Draft","Reroute","Send Back","Delegate","View Details","Submit","Cancel","","","","","","","","","","","CUST_NOTF_8","","","","Admin","","","","","","","","","","","","","","","","","","","","","","","Inactive"
"AF_17","R1","","Offer Approval HR","","","","15","","","","","","Subject","Source","","","","","","","Approve","Reject","Save as Draft","Reroute","Send Back","Delegate","View Details","Submit","Cancel","","","","","","","","","","","","","","","","","","","","","","","","","","","","","","","","","","","","","","Inactive"
"AF_18","R1","","Offer Approval HR","","","","15","","","","","","Subject","Source","","","","","","","Approve","Reject","Save as Draft","Reroute","Send Back","Delegate","View Details","Submit","Cancel","","","","","","","","","","","","","","","","","","","","","","","","","","","","","","","","","","","","","","Active"
"AF_19","R1","HR Team","Offer Approval HR","","","","15","","","","","AF_11|AF_12|AF_2|AF_18","Subject","Source","","","","","","","Approve","Reject","Save as Draft","Reroute","Send Back","Delegate","View Details","Submit","Cancel","","","","","","","","","","","CUST_NOTF_8","","","","Admin","","","","","","","","","","","","","","","","","","","","","","","Inactive"
"AF_20","R1","S1","CEO","","","","15","","","","","","Subject","Source","","","","","","","Approve","Reject","Save as Draft","Reroute","Send Back","Delegate","View Details","Submit","Cancel","","","","","","","","","","","","","","","","","","","","","","","","","","","","","","","","","","","","","","Active"
"AF_21","R1","HR Team","Offer Approval HR","","","","15","","","","","AF_11|AF_12|AF_2|AF_18|AF_20","Subject","Source","","","","","","","Approve","Reject","Save as Draft","Reroute","Send Back","Delegate","View Details","Submit","Cancel","","","","","","","","","","","CUST_NOTF_8","","","","Admin","","","","","","","","","","","","","","","","","","","","","","","Inactive"
"AF_23","R1","ceo","CEO","","","","15","","","","","","Subject","Source","","","","","","","Approve","Reject","Save as Draft","Reroute","Send Back","Delegate","View Details","Submit","Cancel","","","","","","CUST_NOTF_40","Initiator","","","","CUST_NOTF_41","Initiator","","","","","","","","","CUST_NOTF_42","Initiator","","","","","","","","","","","","","","","","Active"
"AF_24","R1","HR Team","Offer Approval HR","","","","15","","","","","AF_18|AF_20|AF_23","Subject","Source","","","","","","","Approve","Reject","Save as Draft","Reroute","Send Back","Delegate","View Details","Submit","Cancel","","","","","","","","","","","CUST_NOTF_8","","","","Admin","","","","","","","","","","","","","","","","","","","","","","","Inactive"
"AF_25","R1","VP","Vice President","","","","15","","","","","","Subject","Source","","","","","","","Approve","Reject","Save as Draft","Reroute","Send Back","Delegate","View Details","Submit","Cancel","","","","","","CUST_NOTF_40","Initiator","","","","CUST_NOTF_41","Initiator","","","","","","","","","CUST_NOTF_42","Initiator","","","","","","","","","","","","","","","","Active"
"AF_26","R1","","Offer Approval","","","","15","","","","","","Subject","Source","","","","","","","Approve","Reject","Save as Draft","Reroute","Send Back","Delegate","View Details","Submit","Cancel","","","","","","CUST_NOTF_40","Initiator","","","","CUST_NOTF_41","Initiator","","","","","","","","","CUST_NOTF_42","Initiator","","","","","","","","","","","","","","","","Active"
"AF_27","R1","HR Team","Offer Approval HR","","","","15","","","","","AF_23|AF_25|AF_26","Subject","Source","","","","","","","Approve","Reject","Save as Draft","Reroute","Send Back","Delegate","View Details","Submit","Cancel","","","","","","","","","","","CUST_NOTF_8","","","","Admin","","","","","","","","","","","","","","","","","","","","","","","Active"
"AF_28","R1","L1","","","","","15","Admin|CEO|Recruiters|Vice President|HR Team","","","","","Subject","Source","","","","","","","Approve","Reject","Save as Draft","Reroute","Send Back","Delegate","View Details","Submit","Cancel","CUST_NOTF_5","","Manager|L2 Manager|L3 Manager|L4 Manager|HOD","","","","","","","","","","","","","","","","","","","","","","","","","","","","","","","","","","","Active"
"AF_28","R2","L2","CEO|Vice President","","","","15","Admin|CEO|Recruiters|Vice President|HR Team","","","","","Subject","Source","","","","","","","Approve","Reject","Save as Draft","Reroute","Send Back","Delegate","View Details","Submit","Cancel","","","","","","","","","","","","","","","","","","","","","","","","","","","","","","","","","","","","","","Active"
"AF_29","R1","Manager Resignation Approval","Manager","","","","15","","","","","","Subject","Source","","","","","","","Approve","Reject","Save as Draft","Reroute","Send Back","Delegate","View Details","Submit","Cancel","","","","","","","","","","","","","","","","","","","","","","","","","","","","","","","","","","","","","","Inactive"
"AF_29","R2","HR Resignation Approval","HR Team","","","","15","","","","","","Subject","Source","","","","","","","Approve","Reject","Save As Draft","Reroute","Send Back","Delegate","View Details","Submit","Cancel","","","","","","","","","","","","","","","","","","","","","","","","","","","","","","","","","","","","","","Inactive"
"AF_30","R1","Manager Resignation Approval","Manager","","","FM-63_19","15","","","","","","Subject","Source","","","","","","","Approve","Reject","Save as Draft","Reroute","Send Back","Delegate","View Details","Submit","Cancel","","","","","","","","","","","","","","","","","","","","","","","","","","","","","","","","","","","","","","Inactive"
"AF_30","R2","HR Resignation Approval","HR Team","","","FM-63_22","15","","","","","","Subject","Source","","","","","","","Approve","Reject","Save As Draft","Reroute","Send Back","Delegate","View Details","Submit","Cancel","","","","","","","","","","","","","","","","","","","","","","","","","","","","","","","","","","","","","","Inactive"
"AF_31","R1","Manager Approval","Manager|Separation Admin","","","","15","","","","","","Subject","Source","","","","","","","Approve","Reject","Save as Draft","Reroute","Send Back","Delegate","View Details","Submit","Cancel","","","","","","","","Self|Employee direct HRBP","","","","","Self|Admin|Employee direct HRBP","","","","","","","","","","","","","","","","","","","","","","","","","Active"
"AF_32","R1","Manager Resignation Approval","Manager","","","FM-63_19","15","","","","","","Subject","Source","","","","","","","Approve","Reject","Save as Draft","Reroute","Send Back","Delegate","View Details","Submit","Cancel","","","","","","","","","","","","","","","","","","","","","","","","","","","","","","","","","","","","","","Active"
"AF_32","R2","HR Resignation Approval","HR Team","","","FM-63_22","15","","","","","","Subject","Source","","","","","","","Approve","Reject","Save As Draft","Reroute","Send Back","Delegate","View Details","Submit","Cancel","","","","","","","","","","","","","","","","","","","","","","","","","","","","","","","","","","","","","","Active"
"AF_34","R1","HOD","HOD|Functional Head","","","","15","","No Skip","","","","Subject","Source","","","","","","","","","","","","","","","","","","","","","","","","","","","","","","","","","","","","","","","","","","","","","","","","","","","","","Draft"
"AF_34","R2","HRBP","Employee direct HRBP","","","","15","","No Skip","","","","Subject","Source","","","","","","","","","","","","","","","","","","","","","","","","","","","","","","","","","","","","","","","","","","","","","","","","","","","","","Draft"
"AF_34","R3","PnL Heads","Business Unit Head|Head HR","","","","15","","No Skip","","","","Subject","Source","","","","","","","","","","","","","","","","","","","","","","","","","","","","","","","","","","","","","","","","","","","","","","","","","","","","","Draft"
