"Code","Name","Description","Status"
"CONF_WF_1","Confirmation Workflow ","","Inactive"
"CONF_WF_2","Confirmation Workflow ","","Inactive"
"CONF_WF_3","Confirmation Workflow ","","Inactive"
"CONF_WF_4","Confirmation Workflow ","","Inactive"
"CONF_WF_5","Confirmation Workflow ","","Inactive"
"CONF_WF_6","Confirmation Workflow ","","Inactive"
"CONF_WF_7","Confirmation Workflow ","","Inactive"
"CONF_WF_8","Confirmation Workflow ","","Inactive"
"CONF_WF_9","Confirmation Workflow ","","Inactive"
"CONF_WF_10","Confirmation Workflow ","","Active"
